"page_type","source_sheet","source_row","entity_type","region","district","city","dong_eup_myeon","school_name","school_unique_name","subject","grade","slug","url","parent_url","hub_url","canonical","click_depth"
"school_content","","","school","서울","","","","동양고등학교","동양고등학교","","","과외","/school/110041871-동양고등학교/과외/","","","https://studyway.kr/school/110041871-동양고등학교/과외/","4"
"school_content","","","school","서울","","","","세현고등학교","세현고등학교","","","과외","/school/110041237-세현고등학교/과외/","","","https://studyway.kr/school/110041237-세현고등학교/과외/","4"
"school_content","","","school","경기","","","","가좌고등학교","가좌고등학교","","","과외","/school/410041105-가좌고등학교/과외/","","","https://studyway.kr/school/410041105-가좌고등학교/과외/","4"
"school_content","","","school","경기","","","","가평고등학교","가평고등학교","","","과외","/school/410041107-가평고등학교/과외/","","","https://studyway.kr/school/410041107-가평고등학교/과외/","4"
"school_content","","","school","경기","","","","설악고등학교","설악고등학교","","","과외","/school/410041332-설악고등학교/과외/","","","https://studyway.kr/school/410041332-설악고등학교/과외/","4"
"school_content","","","school","경기","","","","조종고등학교","조종고등학교","","","과외","/school/410058534-조종고등학교/과외/","","","https://studyway.kr/school/410058534-조종고등학교/과외/","4"
"school_content","","","school","경기","","","","청심국제고등학교","청심국제고등학교","","","과외","/school/410046611-청심국제고등학교/과외/","","","https://studyway.kr/school/410046611-청심국제고등학교/과외/","4"
"school_content","","","school","경기","","","","청평고등학교","청평고등학교","","","과외","/school/410041555-청평고등학교/과외/","","","https://studyway.kr/school/410041555-청평고등학교/과외/","4"
"school_content","","","school","경기","","","","갈매고등학교","갈매고등학교","","","과외","/school/410041451-갈매고등학교/과외/","","","https://studyway.kr/school/410041451-갈매고등학교/과외/","4"
"school_content","","","school","서울","","","","대성고등학교","대성고등학교","","","과외","/school/110041629-대성고등학교/과외/","","","https://studyway.kr/school/110041629-대성고등학교/과외/","4"
"school_content","","","school","서울","","","","선일여자고등학교","선일여자고등학교","","","과외","/school/110041803-선일여자고등학교/과외/","","","https://studyway.kr/school/110041803-선일여자고등학교/과외/","4"
"school_content","","","school","서울","","","","선정고등학교","선정고등학교","","","과외","/school/110041687-선정고등학교/과외/","","","https://studyway.kr/school/110041687-선정고등학교/과외/","4"
"school_content","","","school","경기","","","","감일고등학교","감일고등학교","","","과외","/school/410041734-감일고등학교/과외/","","","https://studyway.kr/school/410041734-감일고등학교/과외/","4"
"school_content","","","school","서울","","","","영동고등학교","영동고등학교","","","과외","/school/110041709-영동고등학교/과외/","","","https://studyway.kr/school/110041709-영동고등학교/과외/","4"
"school_content","","","school","서울","","","","솔샘고등학교","솔샘고등학교","","","과외","/school/110041261-솔샘고등학교/과외/","","","https://studyway.kr/school/110041261-솔샘고등학교/과외/","4"
"school_content","","","school","서울","","","","강일고등학교","강일고등학교","","","과외","/school/110041262-강일고등학교/과외/","","","https://studyway.kr/school/110041262-강일고등학교/과외/","4"
"school_content","","","school","서울","","","","개포고등학교","개포고등학교","","","과외","/school/110041103-개포고등학교/과외/","","","https://studyway.kr/school/110041103-개포고등학교/과외/","4"
"school_content","","","school","서울","","","","경기여자고등학교","경기여자고등학교","","","과외","/school/110041197-경기여자고등학교/과외/","","","https://studyway.kr/school/110041197-경기여자고등학교/과외/","4"
"school_content","","","school","서울","","","","국립국악고등학교","국립국악고등학교","","","과외","/school/110044010-국립국악고등학교/과외/","","","https://studyway.kr/school/110044010-국립국악고등학교/과외/","4"
"school_content","","","school","서울","","","","덕수고등학교","덕수고등학교","","","과외","/school/110041680-덕수고등학교/과외/","","","https://studyway.kr/school/110041680-덕수고등학교/과외/","4"
"school_content","","","school","경기","","","","경화여자고등학교","경화여자고등학교","","","과외","/school/410041611-경화여자고등학교/과외/","","","https://studyway.kr/school/410041611-경화여자고등학교/과외/","4"
"school_content","","","school","경기","","","","곤지암고등학교","곤지암고등학교","","","과외","/school/410058159-곤지암고등학교/과외/","","","https://studyway.kr/school/410058159-곤지암고등학교/과외/","4"
"school_content","","","school","경기","","","","광남고등학교","광남고등학교","","","과외","/school/410041144-광남고등학교/과외/","","","https://studyway.kr/school/410041144-광남고등학교/과외/","4"
"school_content","","","school","경기","","","","광주고등학교","광주고등학교","","","과외","/school/410041169-광주고등학교/과외/","","","https://studyway.kr/school/410041169-광주고등학교/과외/","4"
"school_content","","","school","경기","","","","광주중앙고등학교","광주중앙고등학교","","","과외","/school/410058163-광주중앙고등학교/과외/","","","https://studyway.kr/school/410058163-광주중앙고등학교/과외/","4"
"school_content","","","school","경기","","","","수주고등학교","수주고등학교","","","과외","/school/410041363-수주고등학교/과외/","","","https://studyway.kr/school/410041363-수주고등학교/과외/","4"
"school_content","","","school","서울","","","","광문고등학교","광문고등학교","","","과외","/school/110041615-광문고등학교/과외/","","","https://studyway.kr/school/110041615-광문고등학교/과외/","4"
"school_content","","","school","서울","","","","배재고등학교","배재고등학교","","","과외","/school/110041665-배재고등학교/과외/","","","https://studyway.kr/school/110041665-배재고등학교/과외/","4"
"school_content","","","school","경기","","","","덕정고등학교","덕정고등학교","","","과외","/school/410041214-덕정고등학교/과외/","","","https://studyway.kr/school/410041214-덕정고등학교/과외/","4"
"school_content","","","school","경기","","","","고양일고등학교","고양일고등학교","","","과외","/school/410041142-고양일고등학교/과외/","","","https://studyway.kr/school/410041142-고양일고등학교/과외/","4"
"school_content","","","school","경기","","","","경안고등학교","경안고등학교","","","과외","/school/410041612-경안고등학교/과외/","","","https://studyway.kr/school/410041612-경안고등학교/과외/","4"
"school_content","","","school","경기","","","","고잔고등학교","고잔고등학교","","","과외","/school/410041128-고잔고등학교/과외/","","","https://studyway.kr/school/410041128-고잔고등학교/과외/","4"
"school_content","","","school","경기","","","","단원고등학교","단원고등학교","","","과외","/school/410041204-단원고등학교/과외/","","","https://studyway.kr/school/410041204-단원고등학교/과외/","4"
"school_content","","","school","경기","","","","양지고등학교","양지고등학교","","","과외","/school/410041398-양지고등학교/과외/","","","https://studyway.kr/school/410041398-양지고등학교/과외/","4"
"school_content","","","school","서울","","","","경인고등학교","경인고등학교","","","과외","/school/110041110-경인고등학교/과외/","","","https://studyway.kr/school/110041110-경인고등학교/과외/","4"
"school_content","","","school","서울","","","","고척고등학교","고척고등학교","","","과외","/school/110041111-고척고등학교/과외/","","","https://studyway.kr/school/110041111-고척고등학교/과외/","4"
"school_content","","","school","경기","","","","경기외국어고등학교","경기외국어고등학교","","","과외","/school/410045903-경기외국어고등학교/과외/","","","https://studyway.kr/school/410045903-경기외국어고등학교/과외/","4"
"school_content","","","school","경기","","","","우성고등학교","우성고등학교","","","과외","/school/410041880-우성고등학교/과외/","","","https://studyway.kr/school/410041880-우성고등학교/과외/","4"
"school_content","","","school","경기","","","","고촌고등학교","고촌고등학교","","","과외","/school/410041314-고촌고등학교/과외/","","","https://studyway.kr/school/410041314-고촌고등학교/과외/","4"
"school_content","","","school","서울","","","","한국삼육고등학교","한국삼육고등학교","","","과외","/school/110041745-한국삼육고등학교/과외/","","","https://studyway.kr/school/110041745-한국삼육고등학교/과외/","4"
"school_content","","","school","경기","","","","과천여자고등학교","과천여자고등학교","","","과외","/school/410041620-과천여자고등학교/과외/","","","https://studyway.kr/school/410041620-과천여자고등학교/과외/","4"
"school_content","","","school","경기","","","","과천외국어고등학교","과천외국어고등학교","","","과외","/school/410045625-과천외국어고등학교/과외/","","","https://studyway.kr/school/410045625-과천외국어고등학교/과외/","4"
"school_content","","","school","경기","","","","과천중앙고등학교","과천중앙고등학교","","","과외","/school/410041136-과천중앙고등학교/과외/","","","https://studyway.kr/school/410041136-과천중앙고등학교/과외/","4"
"school_content","","","school","경기","","","","관양고등학교","관양고등학교","","","과외","/school/410041138-관양고등학교/과외/","","","https://studyway.kr/school/410041138-관양고등학교/과외/","4"
"school_content","","","school","경기","","","","인덕원고등학교","인덕원고등학교","","","과외","/school/410041469-인덕원고등학교/과외/","","","https://studyway.kr/school/410041469-인덕원고등학교/과외/","4"
"school_content","","","school","경기","","","","광문고등학교","광문고등학교","","","과외","/school/410041168-광문고등학교/과외/","","","https://studyway.kr/school/410041168-광문고등학교/과외/","4"
"school_content","","","school","경기","","","","명문고등학교","명문고등학교","","","과외","/school/410041164-명문고등학교/과외/","","","https://studyway.kr/school/410041164-명문고등학교/과외/","4"
"school_content","","","school","서울","","","","광남고등학교","광남고등학교","","","과외","/school/110041117-광남고등학교/과외/","","","https://studyway.kr/school/110041117-광남고등학교/과외/","4"
"school_content","","","school","경기","","","","서울삼육고등학교","서울삼육고등학교","","","과외","/school/410041710-서울삼육고등학교/과외/","","","https://studyway.kr/school/410041710-서울삼육고등학교/과외/","4"
"school_content","","","school","경기","","","","성지고등학교","성지고등학교","","","과외","/school/410041346-성지고등학교/과외/","","","https://studyway.kr/school/410041346-성지고등학교/과외/","4"
"school_content","","","school","경기","","","","김포호수고등학교","김포호수고등학교","","","과외","/school/410041867-김포호수고등학교/과외/","","","https://studyway.kr/school/410041867-김포호수고등학교/과외/","4"
"school_content","","","school","서울","","","","서울공연예술고등학교","서울공연예술고등학교","","","과외","/school/110044693-서울공연예술고등학교/과외/","","","https://studyway.kr/school/110044693-서울공연예술고등학교/과외/","4"
"school_content","","","school","서울","","","","세종과학고등학교","세종과학고등학교","","","과외","/school/110043198-세종과학고등학교/과외/","","","https://studyway.kr/school/110043198-세종과학고등학교/과외/","4"
"school_content","","","school","서울","","","","신도림고등학교","신도림고등학교","","","과외","/school/110041255-신도림고등학교/과외/","","","https://studyway.kr/school/110041255-신도림고등학교/과외/","4"
"school_content","","","school","서울","","","","오류고등학교","오류고등학교","","","과외","/school/110041865-오류고등학교/과외/","","","https://studyway.kr/school/110041865-오류고등학교/과외/","4"
"school_content","","","school","서울","","","","우신고등학교","우신고등학교","","","과외","/school/110041721-우신고등학교/과외/","","","https://studyway.kr/school/110041721-우신고등학교/과외/","4"
"school_content","","","school","서울","","","","구로고등학교","구로고등학교","","","과외","/school/110041121-구로고등학교/과외/","","","https://studyway.kr/school/110041121-구로고등학교/과외/","4"
"school_content","","","school","서울","","","","구일고등학교","구일고등학교","","","과외","/school/110041123-구일고등학교/과외/","","","https://studyway.kr/school/110041123-구일고등학교/과외/","4"
"school_content","","","school","서울","","","","구현고등학교","구현고등학교","","","과외","/school/110041247-구현고등학교/과외/","","","https://studyway.kr/school/110041247-구현고등학교/과외/","4"
"school_content","","","school","경기","","","","구리고등학교","구리고등학교","","","과외","/school/410041172-구리고등학교/과외/","","","https://studyway.kr/school/410041172-구리고등학교/과외/","4"
"school_content","","","school","경기","","","","불곡고등학교","불곡고등학교","","","과외","/school/410041298-불곡고등학교/과외/","","","https://studyway.kr/school/410041298-불곡고등학교/과외/","4"
"school_content","","","school","서울","","","","동국대학교사범대학부속가람고등학교","동국대학교사범대학부속가람고등학교","","","과외","/school/110041785-동국대학교사범대학부속가람고등학교/과외/","","","https://studyway.kr/school/110041785-동국대학교사범대학부속가람고등학교/과외/","4"
"school_content","","","school","경기","","","","군포중앙고등학교","군포중앙고등학교","","","과외","/school/410041953-군포중앙고등학교/과외/","","","https://studyway.kr/school/410041953-군포중앙고등학교/과외/","4"
"school_content","","","school","경기","","","","수리고등학교","수리고등학교","","","과외","/school/410041355-수리고등학교/과외/","","","https://studyway.kr/school/410041355-수리고등학교/과외/","4"
"school_content","","","school","경기","","","","용호고등학교","용호고등학교","","","과외","/school/410041416-용호고등학교/과외/","","","https://studyway.kr/school/410041416-용호고등학교/과외/","4"
"school_content","","","school","경기","","","","고색고등학교","고색고등학교","","","과외","/school/410041126-고색고등학교/과외/","","","https://studyway.kr/school/410041126-고색고등학교/과외/","4"
"school_content","","","school","경기","","","","수원칠보고등학교","수원칠보고등학교","","","과외","/school/410041004-수원칠보고등학교/과외/","","","https://studyway.kr/school/410041004-수원칠보고등학교/과외/","4"
"school_content","","","school","경기","","","","곡정고등학교","곡정고등학교","","","과외","/school/410041703-곡정고등학교/과외/","","","https://studyway.kr/school/410041703-곡정고등학교/과외/","4"
"school_content","","","school","경기","","","","권선고등학교","권선고등학교","","","과외","/school/410041190-권선고등학교/과외/","","","https://studyway.kr/school/410041190-권선고등학교/과외/","4"
"school_content","","","school","경기","","","","화홍고등학교","화홍고등학교","","","과외","/school/410041547-화홍고등학교/과외/","","","https://studyway.kr/school/410041547-화홍고등학교/과외/","4"
"school_content","","","school","경기","","","","금곡고등학교","금곡고등학교","","","과외","/school/410058198-금곡고등학교/과외/","","","https://studyway.kr/school/410058198-금곡고등학교/과외/","4"
"school_content","","","school","경기","","","","숭신여자고등학교","숭신여자고등학교","","","과외","/school/410041765-숭신여자고등학교/과외/","","","https://studyway.kr/school/410041765-숭신여자고등학교/과외/","4"
"school_content","","","school","경기","","","","금촌고등학교","금촌고등학교","","","과외","/school/410041184-금촌고등학교/과외/","","","https://studyway.kr/school/410041184-금촌고등학교/과외/","4"
"school_content","","","school","경기","","","","세교고등학교","세교고등학교","","","과외","/school/410041122-세교고등학교/과외/","","","https://studyway.kr/school/410041122-세교고등학교/과외/","4"
"school_content","","","school","경기","","","","군포고등학교","군포고등학교","","","과외","/school/410041635-군포고등학교/과외/","","","https://studyway.kr/school/410041635-군포고등학교/과외/","4"
"school_content","","","school","경기","","","","흥진고등학교","흥진고등학교","","","과외","/school/410041556-흥진고등학교/과외/","","","https://studyway.kr/school/410041556-흥진고등학교/과외/","4"
"school_content","","","school","경기","","","","서천고등학교","서천고등학교","","","과외","/school/410041999-서천고등학교/과외/","","","https://studyway.kr/school/410041999-서천고등학교/과외/","4"
"school_content","","","school","경기","","","","신갈고등학교","신갈고등학교","","","과외","/school/410041775-신갈고등학교/과외/","","","https://studyway.kr/school/410041775-신갈고등학교/과외/","4"
"school_content","","","school","경기","","","","초당고등학교","초당고등학교","","","과외","/school/410041511-초당고등학교/과외/","","","https://studyway.kr/school/410041511-초당고등학교/과외/","4"
"school_content","","","school","서울","","","","계성고등학교","계성고등학교","","","과외","/school/110041769-계성고등학교/과외/","","","https://studyway.kr/school/110041769-계성고등학교/과외/","4"
"school_content","","","school","경기","","","","김포외국어고등학교","김포외국어고등학교","","","과외","/school/410045608-김포외국어고등학교/과외/","","","https://studyway.kr/school/410045608-김포외국어고등학교/과외/","4"
"school_content","","","school","경기","","","","마송고등학교","마송고등학교","","","과외","/school/410041966-마송고등학교/과외/","","","https://studyway.kr/school/410041966-마송고등학교/과외/","4"
"school_content","","","school","경기","","","","통진고등학교","통진고등학교","","","과외","/school/410058930-통진고등학교/과외/","","","https://studyway.kr/school/410058930-통진고등학교/과외/","4"
"school_content","","","school","경기","","","","하성고등학교","하성고등학교","","","과외","/school/410058583-하성고등학교/과외/","","","https://studyway.kr/school/410058583-하성고등학교/과외/","4"
"school_content","","","school","경기","","","","송양고등학교","송양고등학교","","","과외","/school/410041981-송양고등학교/과외/","","","https://studyway.kr/school/410041981-송양고등학교/과외/","4"
"school_content","","","school","경기","","","","가운고등학교","가운고등학교","","","과외","/school/410041110-가운고등학교/과외/","","","https://studyway.kr/school/410041110-가운고등학교/과외/","4"
"school_content","","","school","경기","","","","광동고등학교","광동고등학교","","","과외","/school/410041978-광동고등학교/과외/","","","https://studyway.kr/school/410041978-광동고등학교/과외/","4"
"school_content","","","school","경기","","","","진건고등학교","진건고등학교","","","과외","/school/410041502-진건고등학교/과외/","","","https://studyway.kr/school/410041502-진건고등학교/과외/","4"
"school_content","","","school","경기","","","","청학고등학교","청학고등학교","","","과외","/school/410041509-청학고등학교/과외/","","","https://studyway.kr/school/410041509-청학고등학교/과외/","4"
"school_content","","","school","서울","","","","덕원여자고등학교","덕원여자고등학교","","","과외","/school/110041779-덕원여자고등학교/과외/","","","https://studyway.kr/school/110041779-덕원여자고등학교/과외/","4"
"school_content","","","school","서울","","","","덕원예술고등학교","덕원예술고등학교","","","과외","/school/110044643-덕원예술고등학교/과외/","","","https://studyway.kr/school/110044643-덕원예술고등학교/과외/","4"
"school_content","","","school","서울","","","","명덕고등학교","명덕고등학교","","","과외","/school/110041653-명덕고등학교/과외/","","","https://studyway.kr/school/110041653-명덕고등학교/과외/","4"
"school_content","","","school","서울","","","","명덕여자고등학교","명덕여자고등학교","","","과외","/school/110041783-명덕여자고등학교/과외/","","","https://studyway.kr/school/110041783-명덕여자고등학교/과외/","4"
"school_content","","","school","서울","","","","명덕외국어고등학교","명덕외국어고등학교","","","과외","/school/110045655-명덕외국어고등학교/과외/","","","https://studyway.kr/school/110045655-명덕외국어고등학교/과외/","4"
"school_content","","","school","서울","","","","수명고등학교","수명고등학교","","","과외","/school/110041257-수명고등학교/과외/","","","https://studyway.kr/school/110041257-수명고등학교/과외/","4"
"school_content","","","school","서울","","","","화곡고등학교","화곡고등학교","","","과외","/school/110041759-화곡고등학교/과외/","","","https://studyway.kr/school/110041759-화곡고등학교/과외/","4"
"school_content","","","school","경기","","","","백운고등학교","백운고등학교","","","과외","/school/410041248-백운고등학교/과외/","","","https://studyway.kr/school/410041248-백운고등학교/과외/","4"
"school_content","","","school","서울","","","","서라벌고등학교","서라벌고등학교","","","과외","/school/110041673-서라벌고등학교/과외/","","","https://studyway.kr/school/110041673-서라벌고등학교/과외/","4"
"school_content","","","school","경기","","","","시흥능곡고등학교","시흥능곡고등학교","","","과외","/school/410041374-시흥능곡고등학교/과외/","","","https://studyway.kr/school/410041374-시흥능곡고등학교/과외/","4"
"school_content","","","school","서울","","","","선화예술고등학교","선화예술고등학교","","","과외","/school/110044689-선화예술고등학교/과외/","","","https://studyway.kr/school/110044689-선화예술고등학교/과외/","4"
"school_content","","","school","경기","","","","남양주다산고등학교","남양주다산고등학교","","","과외","/school/410041317-남양주다산고등학교/과외/","","","https://studyway.kr/school/410041317-남양주다산고등학교/과외/","4"
"school_content","","","school","경기","","","","도농고등학교","도농고등학교","","","과외","/school/410041215-도농고등학교/과외/","","","https://studyway.kr/school/410041215-도농고등학교/과외/","4"
"school_content","","","school","경기","","","","동화고등학교","동화고등학교","","","과외","/school/410041675-동화고등학교/과외/","","","https://studyway.kr/school/410041675-동화고등학교/과외/","4"
"school_content","","","school","경기","","","","대부고등학교","대부고등학교","","","과외","/school/410041718-대부고등학교/과외/","","","https://studyway.kr/school/410041718-대부고등학교/과외/","4"
"school_content","","","school","경기","","","","신길고등학교","신길고등학교","","","과외","/school/410041378-신길고등학교/과외/","","","https://studyway.kr/school/410041378-신길고등학교/과외/","4"
"school_content","","","school","서울","","","","성남고등학교","성남고등학교","","","과외","/school/110041691-성남고등학교/과외/","","","https://studyway.kr/school/110041691-성남고등학교/과외/","4"
"school_content","","","school","서울","","","","숭의여자고등학교","숭의여자고등학교","","","과외","/school/110041813-숭의여자고등학교/과외/","","","https://studyway.kr/school/110041813-숭의여자고등학교/과외/","4"
"school_content","","","school","서울","","","","영등포고등학교","영등포고등학교","","","과외","/school/110041167-영등포고등학교/과외/","","","https://studyway.kr/school/110041167-영등포고등학교/과외/","4"
"school_content","","","school","서울","","","","단국대학교사범대학부속고등학교","단국대학교사범대학부속고등학교","","","과외","/school/110041625-단국대학교사범대학부속고등학교/과외/","","","https://studyway.kr/school/110041625-단국대학교사범대학부속고등학교/과외/","4"
"school_content","","","school","서울","","","","휘문고등학교","휘문고등학교","","","과외","/school/110041763-휘문고등학교/과외/","","","https://studyway.kr/school/110041763-휘문고등학교/과외/","4"
"school_content","","","school","경기","","","","대화고등학교","대화고등학교","","","과외","/school/410041623-대화고등학교/과외/","","","https://studyway.kr/school/410041623-대화고등학교/과외/","4"
"school_content","","","school","경기","","","","일산대진고등학교","일산대진고등학교","","","과외","/school/410041892-일산대진고등학교/과외/","","","https://studyway.kr/school/410041892-일산대진고등학교/과외/","4"
"school_content","","","school","경기","","","","주엽고등학교","주엽고등학교","","","과외","/school/410041492-주엽고등학교/과외/","","","https://studyway.kr/school/410041492-주엽고등학교/과외/","4"
"school_content","","","school","서울","","","","숭문고등학교","숭문고등학교","","","과외","/school/110041699-숭문고등학교/과외/","","","https://studyway.kr/school/110041699-숭문고등학교/과외/","4"
"school_content","","","school","경기","","","","덕계고등학교","덕계고등학교","","","과외","/school/410041209-덕계고등학교/과외/","","","https://studyway.kr/school/410041209-덕계고등학교/과외/","4"
"school_content","","","school","경기","","","","고양외국어고등학교","고양외국어고등학교","","","과외","/school/410045603-고양외국어고등학교/과외/","","","https://studyway.kr/school/410045603-고양외국어고등학교/과외/","4"
"school_content","","","school","경기","","","","도래울고등학교","도래울고등학교","","","과외","/school/410041984-도래울고등학교/과외/","","","https://studyway.kr/school/410041984-도래울고등학교/과외/","4"
"school_content","","","school","경기","","","","향동고등학교","향동고등학교","","","과외","/school/410041445-향동고등학교/과외/","","","https://studyway.kr/school/410041445-향동고등학교/과외/","4"
"school_content","","","school","경기","","","","고양예술고등학교","고양예술고등학교","","","과외","/school/410044607-고양예술고등학교/과외/","","","https://studyway.kr/school/410044607-고양예술고등학교/과외/","4"
"school_content","","","school","경기","","","","덕이고등학교","덕이고등학교","","","과외","/school/410041952-덕이고등학교/과외/","","","https://studyway.kr/school/410041952-덕이고등학교/과외/","4"
"school_content","","","school","경기","","","","백송고등학교","백송고등학교","","","과외","/school/410041624-백송고등학교/과외/","","","https://studyway.kr/school/410041624-백송고등학교/과외/","4"
"school_content","","","school","경기","","","","남한고등학교","남한고등학교","","","과외","/school/410041196-남한고등학교/과외/","","","https://studyway.kr/school/410041196-남한고등학교/과외/","4"
"school_content","","","school","경기","","","","풍산고등학교","풍산고등학교","","","과외","/school/410041994-풍산고등학교/과외/","","","https://studyway.kr/school/410041994-풍산고등학교/과외/","4"
"school_content","","","school","서울","","","","숙명여자고등학교","숙명여자고등학교","","","과외","/school/110041811-숙명여자고등학교/과외/","","","https://studyway.kr/school/110041811-숙명여자고등학교/과외/","4"
"school_content","","","school","서울","","","","은광여자고등학교","은광여자고등학교","","","과외","/school/110041831-은광여자고등학교/과외/","","","https://studyway.kr/school/110041831-은광여자고등학교/과외/","4"
"school_content","","","school","서울","","","","중앙대학교사범대학부속고등학교","중앙대학교사범대학부속고등학교","","","과외","/school/110041735-중앙대학교사범대학부속고등학교/과외/","","","https://studyway.kr/school/110041735-중앙대학교사범대학부속고등학교/과외/","4"
"school_content","","","school","경기","","","","도당고등학교","도당고등학교","","","과외","/school/410041216-도당고등학교/과외/","","","https://studyway.kr/school/410041216-도당고등학교/과외/","4"
"school_content","","","school","서울","","","","누원고등학교","누원고등학교","","","과외","/school/110041217-누원고등학교/과외/","","","https://studyway.kr/school/110041217-누원고등학교/과외/","4"
"school_content","","","school","서울","","","","독산고등학교","독산고등학교","","","과외","/school/110041132-독산고등학교/과외/","","","https://studyway.kr/school/110041132-독산고등학교/과외/","4"
"school_content","","","school","서울","","","","성신여자고등학교","성신여자고등학교","","","과외","/school/110041805-성신여자고등학교/과외/","","","https://studyway.kr/school/110041805-성신여자고등학교/과외/","4"
"school_content","","","school","서울","","","","청량고등학교","청량고등학교","","","과외","/school/110041191-청량고등학교/과외/","","","https://studyway.kr/school/110041191-청량고등학교/과외/","4"
"school_content","","","school","경기","","","","동두천고등학교","동두천고등학교","","","과외","/school/410041660-동두천고등학교/과외/","","","https://studyway.kr/school/410041660-동두천고등학교/과외/","4"
"school_content","","","school","경기","","","","신흥고등학교","신흥고등학교","","","과외","/school/410041790-신흥고등학교/과외/","","","https://studyway.kr/school/410041790-신흥고등학교/과외/","4"
"school_content","","","school","경기","","","","한빛누리고등학교","한빛누리고등학교","","","과외","/school/410041695-한빛누리고등학교/과외/","","","https://studyway.kr/school/410041695-한빛누리고등학교/과외/","4"
"school_content","","","school","경기","","","","동백고등학교","동백고등학교","","","과외","/school/410041217-동백고등학교/과외/","","","https://studyway.kr/school/410041217-동백고등학교/과외/","4"
"school_content","","","school","경기","","","","용인백현고등학교","용인백현고등학교","","","과외","/school/410041410-용인백현고등학교/과외/","","","https://studyway.kr/school/410041410-용인백현고등학교/과외/","4"
"school_content","","","school","경기","","","","고양동산고등학교","고양동산고등학교","","","과외","/school/410041012-고양동산고등학교/과외/","","","https://studyway.kr/school/410041012-고양동산고등학교/과외/","4"
"school_content","","","school","서울","","","","수도여자고등학교","수도여자고등학교","","","과외","/school/110041207-수도여자고등학교/과외/","","","https://studyway.kr/school/110041207-수도여자고등학교/과외/","4"
"school_content","","","school","서울","","","","경문고등학교","경문고등학교","","","과외","/school/110041605-경문고등학교/과외/","","","https://studyway.kr/school/110041605-경문고등학교/과외/","4"
"school_content","","","school","경기","","","","동패고등학교","동패고등학교","","","과외","/school/410041112-동패고등학교/과외/","","","https://studyway.kr/school/410041112-동패고등학교/과외/","4"
"school_content","","","school","서울","","","","동북고등학교","동북고등학교","","","과외","/school/110041647-동북고등학교/과외/","","","https://studyway.kr/school/110041647-동북고등학교/과외/","4"
"school_content","","","school","서울","","","","둔촌고등학교","둔촌고등학교","","","과외","/school/110041135-둔촌고등학교/과외/","","","https://studyway.kr/school/110041135-둔촌고등학교/과외/","4"
"school_content","","","school","서울","","","","경복여자고등학교","경복여자고등학교","","","과외","/school/110041765-경복여자고등학교/과외/","","","https://studyway.kr/school/110041765-경복여자고등학교/과외/","4"
"school_content","","","school","서울","","","","대일고등학교","대일고등학교","","","과외","/school/110041637-대일고등학교/과외/","","","https://studyway.kr/school/110041637-대일고등학교/과외/","4"
"school_content","","","school","서울","","","","등촌고등학교","등촌고등학교","","","과외","/school/110041227-등촌고등학교/과외/","","","https://studyway.kr/school/110041227-등촌고등학교/과외/","4"
"school_content","","","school","서울","","","","마포고등학교","마포고등학교","","","과외","/school/110041651-마포고등학교/과외/","","","https://studyway.kr/school/110041651-마포고등학교/과외/","4"
"school_content","","","school","서울","","","","영일고등학교","영일고등학교","","","과외","/school/110041713-영일고등학교/과외/","","","https://studyway.kr/school/110041713-영일고등학교/과외/","4"
"school_content","","","school","서울","","","","공항고등학교","공항고등학교","","","과외","/school/110041113-공항고등학교/과외/","","","https://studyway.kr/school/110041113-공항고등학교/과외/","4"
"school_content","","","school","경기","","","","백석고등학교","백석고등학교","","","과외","/school/410041236-백석고등학교/과외/","","","https://studyway.kr/school/410041236-백석고등학교/과외/","4"
"school_content","","","school","경기","","","","정발고등학교","정발고등학교","","","과외","/school/410041488-정발고등학교/과외/","","","https://studyway.kr/school/410041488-정발고등학교/과외/","4"
"school_content","","","school","경기","","","","구성고등학교","구성고등학교","","","과외","/school/410041183-구성고등학교/과외/","","","https://studyway.kr/school/410041183-구성고등학교/과외/","4"
"school_content","","","school","경기","","","","솔터고등학교","솔터고등학교","","","과외","/school/410041777-솔터고등학교/과외/","","","https://studyway.kr/school/410041777-솔터고등학교/과외/","4"
"school_content","","","school","경기","","","","덕현고등학교","덕현고등학교","","","과외","/school/410041111-덕현고등학교/과외/","","","https://studyway.kr/school/410041111-덕현고등학교/과외/","4"
"school_content","","","school","서울","","","","송곡고등학교","송곡고등학교","","","과외","/school/110041697-송곡고등학교/과외/","","","https://studyway.kr/school/110041697-송곡고등학교/과외/","4"
"school_content","","","school","서울","","","","송곡여자고등학교","송곡여자고등학교","","","과외","/school/110041810-송곡여자고등학교/과외/","","","https://studyway.kr/school/110041810-송곡여자고등학교/과외/","4"
"school_content","","","school","서울","","","","혜원여자고등학교","혜원여자고등학교","","","과외","/school/110041859-혜원여자고등학교/과외/","","","https://studyway.kr/school/110041859-혜원여자고등학교/과외/","4"
"school_content","","","school","경기","","","","미사고등학교","미사고등학교","","","과외","/school/410041987-미사고등학교/과외/","","","https://studyway.kr/school/410041987-미사고등학교/과외/","4"
"school_content","","","school","경기","","","","하남고등학교","하남고등학교","","","과외","/school/410041940-하남고등학교/과외/","","","https://studyway.kr/school/410041940-하남고등학교/과외/","4"
"school_content","","","school","경기","","","","망포고등학교","망포고등학교","","","과외","/school/410041212-망포고등학교/과외/","","","https://studyway.kr/school/410041212-망포고등학교/과외/","4"
"school_content","","","school","경기","","","","매원고등학교","매원고등학교","","","과외","/school/410041213-매원고등학교/과외/","","","https://studyway.kr/school/410041213-매원고등학교/과외/","4"
"school_content","","","school","경기","","","","매탄고등학교","매탄고등학교","","","과외","/school/410041222-매탄고등학교/과외/","","","https://studyway.kr/school/410041222-매탄고등학교/과외/","4"
"school_content","","","school","경기","","","","효원고등학교","효원고등학교","","","과외","/school/410041548-효원고등학교/과외/","","","https://studyway.kr/school/410041548-효원고등학교/과외/","4"
"school_content","","","school","서울","","","","면목고등학교","면목고등학교","","","과외","/school/110041137-면목고등학교/과외/","","","https://studyway.kr/school/110041137-면목고등학교/과외/","4"
"school_content","","","school","서울","","","","명일여자고등학교","명일여자고등학교","","","과외","/school/110041201-명일여자고등학교/과외/","","","https://studyway.kr/school/110041201-명일여자고등학교/과외/","4"
"school_content","","","school","서울","","","","강서고등학교","강서고등학교","","","과외","/school/110041602-강서고등학교/과외/","","","https://studyway.kr/school/110041602-강서고등학교/과외/","4"
"school_content","","","school","서울","","","","양정고등학교","양정고등학교","","","과외","/school/110041705-양정고등학교/과외/","","","https://studyway.kr/school/110041705-양정고등학교/과외/","4"
"school_content","","","school","서울","","","","진명여자고등학교","진명여자고등학교","","","과외","/school/110041845-진명여자고등학교/과외/","","","https://studyway.kr/school/110041845-진명여자고등학교/과외/","4"
"school_content","","","school","서울","","","","한가람고등학교","한가람고등학교","","","과외","/school/110041741-한가람고등학교/과외/","","","https://studyway.kr/school/110041741-한가람고등학교/과외/","4"
"school_content","","","school","경기","","","","운정고등학교","운정고등학교","","","과외","/school/410041753-운정고등학교/과외/","","","https://studyway.kr/school/410041753-운정고등학교/과외/","4"
"school_content","","","school","서울","","","","원묵고등학교","원묵고등학교","","","과외","/school/110041243-원묵고등학교/과외/","","","https://studyway.kr/school/110041243-원묵고등학교/과외/","4"
"school_content","","","school","서울","","","","태릉고등학교","태릉고등학교","","","과외","/school/110041193-태릉고등학교/과외/","","","https://studyway.kr/school/110041193-태릉고등학교/과외/","4"
"school_content","","","school","서울","","","","문정고등학교","문정고등학교","","","과외","/school/110041249-문정고등학교/과외/","","","https://studyway.kr/school/110041249-문정고등학교/과외/","4"
"school_content","","","school","서울","","","","삼각산고등학교","삼각산고등학교","","","과외","/school/110041266-삼각산고등학교/과외/","","","https://studyway.kr/school/110041266-삼각산고등학교/과외/","4"
"school_content","","","school","서울","","","","신일고등학교","신일고등학교","","","과외","/school/110041703-신일고등학교/과외/","","","https://studyway.kr/school/110041703-신일고등학교/과외/","4"
"school_content","","","school","서울","","","","영훈고등학교","영훈고등학교","","","과외","/school/110041715-영훈고등학교/과외/","","","https://studyway.kr/school/110041715-영훈고등학교/과외/","4"
"school_content","","","school","서울","","","","창문여자고등학교","창문여자고등학교","","","과외","/school/110041849-창문여자고등학교/과외/","","","https://studyway.kr/school/110041849-창문여자고등학교/과외/","4"
"school_content","","","school","경기","","","","안양고등학교","안양고등학교","","","과외","/school/410041388-안양고등학교/과외/","","","https://studyway.kr/school/410041388-안양고등학교/과외/","4"
"school_content","","","school","경기","","","","화성반월고등학교","화성반월고등학교","","","과외","/school/410041986-화성반월고등학교/과외/","","","https://studyway.kr/school/410041986-화성반월고등학교/과외/","4"
"school_content","","","school","서울","","","","반포고등학교","반포고등학교","","","과외","/school/110041139-반포고등학교/과외/","","","https://studyway.kr/school/110041139-반포고등학교/과외/","4"
"school_content","","","school","서울","","","","세화고등학교","세화고등학교","","","과외","/school/110041695-세화고등학교/과외/","","","https://studyway.kr/school/110041695-세화고등학교/과외/","4"
"school_content","","","school","서울","","","","세화여자고등학교","세화여자고등학교","","","과외","/school/110041809-세화여자고등학교/과외/","","","https://studyway.kr/school/110041809-세화여자고등학교/과외/","4"
"school_content","","","school","서울","","","","동덕여자고등학교","동덕여자고등학교","","","과외","/school/110041780-동덕여자고등학교/과외/","","","https://studyway.kr/school/110041780-동덕여자고등학교/과외/","4"
"school_content","","","school","서울","","","","상문고등학교","상문고등학교","","","과외","/school/110041671-상문고등학교/과외/","","","https://studyway.kr/school/110041671-상문고등학교/과외/","4"
"school_content","","","school","서울","","","","서문여자고등학교","서문여자고등학교","","","과외","/school/110041801-서문여자고등학교/과외/","","","https://studyway.kr/school/110041801-서문여자고등학교/과외/","4"
"school_content","","","school","서울","","","","방산고등학교","방산고등학교","","","과외","/school/110041219-방산고등학교/과외/","","","https://studyway.kr/school/110041219-방산고등학교/과외/","4"
"school_content","","","school","서울","","","","보성고등학교","보성고등학교","","","과외","/school/110041669-보성고등학교/과외/","","","https://studyway.kr/school/110041669-보성고등학교/과외/","4"
"school_content","","","school","서울","","","","서울체육고등학교","서울체육고등학교","","","과외","/school/110042149-서울체육고등학교/과외/","","","https://studyway.kr/school/110042149-서울체육고등학교/과외/","4"
"school_content","","","school","서울","","","","창덕여자고등학교","창덕여자고등학교","","","과외","/school/110041213-창덕여자고등학교/과외/","","","https://studyway.kr/school/110041213-창덕여자고등학교/과외/","4"
"school_content","","","school","서울","","","","한서고등학교","한서고등학교","","","과외","/school/110041747-한서고등학교/과외/","","","https://studyway.kr/school/110041747-한서고등학교/과외/","4"
"school_content","","","school","경기","","","","백마고등학교","백마고등학교","","","과외","/school/410041232-백마고등학교/과외/","","","https://studyway.kr/school/410041232-백마고등학교/과외/","4"
"school_content","","","school","경기","","","","백신고등학교","백신고등학교","","","과외","/school/410041244-백신고등학교/과외/","","","https://studyway.kr/school/410041244-백신고등학교/과외/","4"
"school_content","","","school","경기","","","","보평고등학교","보평고등학교","","","과외","/school/410041968-보평고등학교/과외/","","","https://studyway.kr/school/410041968-보평고등학교/과외/","4"
"school_content","","","school","경기","","","","성남외국어고등학교","성남외국어고등학교","","","과외","/school/410045300-성남외국어고등학교/과외/","","","https://studyway.kr/school/410045300-성남외국어고등학교/과외/","4"
"school_content","","","school","경기","","","","범박고등학교","범박고등학교","","","과외","/school/410041230-범박고등학교/과외/","","","https://studyway.kr/school/410041230-범박고등학교/과외/","4"
"school_content","","","school","경기","","","","시온고등학교","시온고등학교","","","과외","/school/410041770-시온고등학교/과외/","","","https://studyway.kr/school/410041770-시온고등학교/과외/","4"
"school_content","","","school","경기","","","","별가람고등학교","별가람고등학교","","","과외","/school/410041905-별가람고등학교/과외/","","","https://studyway.kr/school/410041905-별가람고등학교/과외/","4"
"school_content","","","school","경기","","","","별내고등학교","별내고등학교","","","과외","/school/410041011-별내고등학교/과외/","","","https://studyway.kr/school/410041011-별내고등학교/과외/","4"
"school_content","","","school","경기","","","","과천고등학교","과천고등학교","","","과외","/school/410041132-과천고등학교/과외/","","","https://studyway.kr/school/410041132-과천고등학교/과외/","4"
"school_content","","","school","경기","","","","병점고등학교","병점고등학교","","","과외","/school/410041249-병점고등학교/과외/","","","https://studyway.kr/school/410041249-병점고등학교/과외/","4"
"school_content","","","school","경기","","","","안화고등학교","안화고등학교","","","과외","/school/410041389-안화고등학교/과외/","","","https://studyway.kr/school/410041389-안화고등학교/과외/","4"
"school_content","","","school","경기","","","","보라고등학교","보라고등학교","","","과외","/school/410041240-보라고등학교/과외/","","","https://studyway.kr/school/410041240-보라고등학교/과외/","4"
"school_content","","","school","경기","","","","보정고등학교","보정고등학교","","","과외","/school/410041250-보정고등학교/과외/","","","https://studyway.kr/school/410041250-보정고등학교/과외/","4"
"school_content","","","school","경기","","","","복정고등학교","복정고등학교","","","과외","/school/410041969-복정고등학교/과외/","","","https://studyway.kr/school/410041969-복정고등학교/과외/","4"
"school_content","","","school","경기","","","","상록고등학교","상록고등학교","","","과외","/school/410041463-상록고등학교/과외/","","","https://studyway.kr/school/410041463-상록고등학교/과외/","4"
"school_content","","","school","경기","","","","안산동산고등학교","안산동산고등학교","","","과외","/school/410041796-안산동산고등학교/과외/","","","https://studyway.kr/school/410041796-안산동산고등학교/과외/","4"
"school_content","","","school","경기","","","","봉담고등학교","봉담고등학교","","","과외","/school/410041253-봉담고등학교/과외/","","","https://studyway.kr/school/410041253-봉담고등학교/과외/","4"
"school_content","","","school","경기","","","","와우고등학교","와우고등학교","","","과외","/school/410041412-와우고등학교/과외/","","","https://studyway.kr/school/410041412-와우고등학교/과외/","4"
"school_content","","","school","경기","","","","화담고등학교","화담고등학교","","","과외","/school/410041042-화담고등학교/과외/","","","https://studyway.kr/school/410041042-화담고등학교/과외/","4"
"school_content","","","school","서울","","","","구암고등학교","구암고등학교","","","과외","/school/110041267-구암고등학교/과외/","","","https://studyway.kr/school/110041267-구암고등학교/과외/","4"
"school_content","","","school","서울","","","","당곡고등학교","당곡고등학교","","","과외","/school/110041129-당곡고등학교/과외/","","","https://studyway.kr/school/110041129-당곡고등학교/과외/","4"
"school_content","","","school","서울","","","","서울문영여자고등학교","서울문영여자고등학교","","","과외","/school/110041787-서울문영여자고등학교/과외/","","","https://studyway.kr/school/110041787-서울문영여자고등학교/과외/","4"
"school_content","","","school","서울","","","","서울미술고등학교","서울미술고등학교","","","과외","/school/110041677-서울미술고등학교/과외/","","","https://studyway.kr/school/110041677-서울미술고등학교/과외/","4"
"school_content","","","school","서울","","","","영락고등학교","영락고등학교","","","과외","/school/110041711-영락고등학교/과외/","","","https://studyway.kr/school/110041711-영락고등학교/과외/","4"
"school_content","","","school","서울","","","","인헌고등학교","인헌고등학교","","","과외","/school/110041177-인헌고등학교/과외/","","","https://studyway.kr/school/110041177-인헌고등학교/과외/","4"
"school_content","","","school","경기","","","","효양고등학교","효양고등학교","","","과외","/school/410041597-효양고등학교/과외/","","","https://studyway.kr/school/410041597-효양고등학교/과외/","4"
"school_content","","","school","경기","","","","운천고등학교","운천고등학교","","","과외","/school/410041418-운천고등학교/과외/","","","https://studyway.kr/school/410041418-운천고등학교/과외/","4"
"school_content","","","school","경기","","","","경기예술고등학교","경기예술고등학교","","","과외","/school/410044569-경기예술고등학교/과외/","","","https://studyway.kr/school/410044569-경기예술고등학교/과외/","4"
"school_content","","","school","경기","","","","부명고등학교","부명고등학교","","","과외","/school/410041252-부명고등학교/과외/","","","https://studyway.kr/school/410041252-부명고등학교/과외/","4"
"school_content","","","school","경기","","","","부천북고등학교","부천북고등학교","","","과외","/school/410041268-부천북고등학교/과외/","","","https://studyway.kr/school/410041268-부천북고등학교/과외/","4"
"school_content","","","school","경기","","","","상일고등학교","상일고등학교","","","과외","/school/410041309-상일고등학교/과외/","","","https://studyway.kr/school/410041309-상일고등학교/과외/","4"
"school_content","","","school","경기","","","","역곡고등학교","역곡고등학교","","","과외","/school/410041321-역곡고등학교/과외/","","","https://studyway.kr/school/410041321-역곡고등학교/과외/","4"
"school_content","","","school","경기","","","","원미고등학교","원미고등학교","","","과외","/school/410041424-원미고등학교/과외/","","","https://studyway.kr/school/410041424-원미고등학교/과외/","4"
"school_content","","","school","경기","","","","원종고등학교","원종고등학교","","","과외","/school/410041428-원종고등학교/과외/","","","https://studyway.kr/school/410041428-원종고등학교/과외/","4"
"school_content","","","school","경기","","","","낙생고등학교","낙생고등학교","","","과외","/school/410041640-낙생고등학교/과외/","","","https://studyway.kr/school/410041640-낙생고등학교/과외/","4"
"school_content","","","school","경기","","","","운중고등학교","운중고등학교","","","과외","/school/410041970-운중고등학교/과외/","","","https://studyway.kr/school/410041970-운중고등학교/과외/","4"
"school_content","","","school","경기","","","","분당대진고등학교","분당대진고등학교","","","과외","/school/410041690-분당대진고등학교/과외/","","","https://studyway.kr/school/410041690-분당대진고등학교/과외/","4"
"school_content","","","school","경기","","","","부흥고등학교","부흥고등학교","","","과외","/school/410041284-부흥고등학교/과외/","","","https://studyway.kr/school/410041284-부흥고등학교/과외/","4"
"school_content","","","school","경기","","","","비전고등학교","비전고등학교","","","과외","/school/410041531-비전고등학교/과외/","","","https://studyway.kr/school/410041531-비전고등학교/과외/","4"
"school_content","","","school","경기","","","","신한고등학교","신한고등학교","","","과외","/school/410041785-신한고등학교/과외/","","","https://studyway.kr/school/410041785-신한고등학교/과외/","4"
"school_content","","","school","경기","","","","평택고등학교","평택고등학교","","","과외","/school/410041532-평택고등학교/과외/","","","https://studyway.kr/school/410041532-평택고등학교/과외/","4"
"school_content","","","school","경기","","","","한광고등학교","한광고등학교","","","과외","/school/410041945-한광고등학교/과외/","","","https://studyway.kr/school/410041945-한광고등학교/과외/","4"
"school_content","","","school","경기","","","","한광여자고등학교","한광여자고등학교","","","과외","/school/410041950-한광여자고등학교/과외/","","","https://studyway.kr/school/410041950-한광여자고등학교/과외/","4"
"school_content","","","school","서울","","","","한양대학교사범대학부속고등학교","한양대학교사범대학부속고등학교","","","과외","/school/110041855-한양대학교사범대학부속고등학교/과외/","","","https://studyway.kr/school/110041855-한양대학교사범대학부속고등학교/과외/","4"
"school_content","","","school","서울","","","","동작고등학교","동작고등학교","","","과외","/school/110041133-동작고등학교/과외/","","","https://studyway.kr/school/110041133-동작고등학교/과외/","4"
"school_content","","","school","경기","","","","김포고등학교","김포고등학교","","","과외","/school/410041192-김포고등학교/과외/","","","https://studyway.kr/school/410041192-김포고등학교/과외/","4"
"school_content","","","school","경기","","","","사우고등학교","사우고등학교","","","과외","/school/410041304-사우고등학교/과외/","","","https://studyway.kr/school/410041304-사우고등학교/과외/","4"
"school_content","","","school","경기","","","","산본고등학교","산본고등학교","","","과외","/school/410041308-산본고등학교/과외/","","","https://studyway.kr/school/410041308-산본고등학교/과외/","4"
"school_content","","","school","서울","","","","경기고등학교","경기고등학교","","","과외","/school/110041105-경기고등학교/과외/","","","https://studyway.kr/school/110041105-경기고등학교/과외/","4"
"school_content","","","school","경기","","","","양주고등학교","양주고등학교","","","과외","/school/410041255-양주고등학교/과외/","","","https://studyway.kr/school/410041255-양주고등학교/과외/","4"
"school_content","","","school","서울","","","","배명고등학교","배명고등학교","","","과외","/school/110041661-배명고등학교/과외/","","","https://studyway.kr/school/110041661-배명고등학교/과외/","4"
"school_content","","","school","경기","","","","판교고등학교","판교고등학교","","","과외","/school/410041114-판교고등학교/과외/","","","https://studyway.kr/school/410041114-판교고등학교/과외/","4"
"school_content","","","school","서울","","","","노원고등학교","노원고등학교","","","과외","/school/110041173-노원고등학교/과외/","","","https://studyway.kr/school/110041173-노원고등학교/과외/","4"
"school_content","","","school","서울","","","","상계고등학교","상계고등학교","","","과외","/school/110041143-상계고등학교/과외/","","","https://studyway.kr/school/110041143-상계고등학교/과외/","4"
"school_content","","","school","서울","","","","수락고등학교","수락고등학교","","","과외","/school/110041156-수락고등학교/과외/","","","https://studyway.kr/school/110041156-수락고등학교/과외/","4"
"school_content","","","school","서울","","","","용화여자고등학교","용화여자고등학교","","","과외","/school/110041829-용화여자고등학교/과외/","","","https://studyway.kr/school/110041829-용화여자고등학교/과외/","4"
"school_content","","","school","서울","","","","청원고등학교","청원고등학교","","","과외","/school/110041737-청원고등학교/과외/","","","https://studyway.kr/school/110041737-청원고등학교/과외/","4"
"school_content","","","school","서울","","","","청원여자고등학교","청원여자고등학교","","","과외","/school/110041850-청원여자고등학교/과외/","","","https://studyway.kr/school/110041850-청원여자고등학교/과외/","4"
"school_content","","","school","경기","","","","부곡고등학교","부곡고등학교","","","과외","/school/410041632-부곡고등학교/과외/","","","https://studyway.kr/school/410041632-부곡고등학교/과외/","4"
"school_content","","","school","경기","","","","성안고등학교","성안고등학교","","","과외","/school/410041349-성안고등학교/과외/","","","https://studyway.kr/school/410041349-성안고등학교/과외/","4"
"school_content","","","school","경기","","","","송호고등학교","송호고등학교","","","과외","/school/410041580-송호고등학교/과외/","","","https://studyway.kr/school/410041580-송호고등학교/과외/","4"
"school_content","","","school","경기","","","","안산고등학교","안산고등학교","","","과외","/school/410041805-안산고등학교/과외/","","","https://studyway.kr/school/410041805-안산고등학교/과외/","4"
"school_content","","","school","서울","","","","신현고등학교","신현고등학교","","","과외","/school/110041221-신현고등학교/과외/","","","https://studyway.kr/school/110041221-신현고등학교/과외/","4"
"school_content","","","school","서울","","","","상암고등학교","상암고등학교","","","과외","/school/110041245-상암고등학교/과외/","","","https://studyway.kr/school/110041245-상암고등학교/과외/","4"
"school_content","","","school","서울","","","","강동고등학교","강동고등학교","","","과외","/school/110041601-강동고등학교/과외/","","","https://studyway.kr/school/110041601-강동고등학교/과외/","4"
"school_content","","","school","서울","","","","상일여자고등학교","상일여자고등학교","","","과외","/school/110041799-상일여자고등학교/과외/","","","https://studyway.kr/school/110041799-상일여자고등학교/과외/","4"
"school_content","","","school","서울","","","","한영고등학교","한영고등학교","","","과외","/school/110041751-한영고등학교/과외/","","","https://studyway.kr/school/110041751-한영고등학교/과외/","4"
"school_content","","","school","서울","","","","한영외국어고등학교","한영외국어고등학교","","","과외","/school/110045753-한영외국어고등학교/과외/","","","https://studyway.kr/school/110045753-한영외국어고등학교/과외/","4"
"school_content","","","school","경기","","","","상현고등학교","상현고등학교","","","과외","/school/410041459-상현고등학교/과외/","","","https://studyway.kr/school/410041459-상현고등학교/과외/","4"
"school_content","","","school","경기","","","","서원고등학교","서원고등학교","","","과외","/school/410041310-서원고등학교/과외/","","","https://studyway.kr/school/410041310-서원고등학교/과외/","4"
"school_content","","","school","서울","","","","가재울고등학교","가재울고등학교","","","과외","/school/110041270-가재울고등학교/과외/","","","https://studyway.kr/school/110041270-가재울고등학교/과외/","4"
"school_content","","","school","서울","","","","이화여자대학교사범대학부속이화금란고등학교","이화여자대학교사범대학부속이화금란고등학교","","","과외","/school/110041773-이화여자대학교사범대학부속이화금란고등학교/과외/","","","https://studyway.kr/school/110041773-이화여자대학교사범대학부속이화금란고등학교/과외/","4"
"school_content","","","school","서울","","","","인창고등학교","인창고등학교","","","과외","/school/110041723-인창고등학교/과외/","","","https://studyway.kr/school/110041723-인창고등학교/과외/","4"
"school_content","","","school","서울","","","","중앙여자고등학교","중앙여자고등학교","","","과외","/school/110041843-중앙여자고등학교/과외/","","","https://studyway.kr/school/110041843-중앙여자고등학교/과외/","4"
"school_content","","","school","서울","","","","한성고등학교","한성고등학교","","","과외","/school/110041749-한성고등학교/과외/","","","https://studyway.kr/school/110041749-한성고등학교/과외/","4"
"school_content","","","school","서울","","","","한성과학고등학교","한성과학고등학교","","","과외","/school/110043195-한성과학고등학교/과외/","","","https://studyway.kr/school/110043195-한성과학고등학교/과외/","4"
"school_content","","","school","서울","","","","경복고등학교","경복고등학교","","","과외","/school/110041109-경복고등학교/과외/","","","https://studyway.kr/school/110041109-경복고등학교/과외/","4"
"school_content","","","school","서울","","","","경신고등학교","경신고등학교","","","과외","/school/110041609-경신고등학교/과외/","","","https://studyway.kr/school/110041609-경신고등학교/과외/","4"
"school_content","","","school","서울","","","","대신고등학교","대신고등학교","","","과외","/school/110041631-대신고등학교/과외/","","","https://studyway.kr/school/110041631-대신고등학교/과외/","4"
"school_content","","","school","서울","","","","덕성여자고등학교","덕성여자고등학교","","","과외","/school/110041777-덕성여자고등학교/과외/","","","https://studyway.kr/school/110041777-덕성여자고등학교/과외/","4"
"school_content","","","school","서울","","","","동성고등학교","동성고등학교","","","과외","/school/110041649-동성고등학교/과외/","","","https://studyway.kr/school/110041649-동성고등학교/과외/","4"
"school_content","","","school","서울","","","","배화여자고등학교","배화여자고등학교","","","과외","/school/110041791-배화여자고등학교/과외/","","","https://studyway.kr/school/110041791-배화여자고등학교/과외/","4"
"school_content","","","school","서울","","","","상명대학교사범대학부속여자고등학교","상명대학교사범대학부속여자고등학교","","","과외","/school/110041795-상명대학교사범대학부속여자고등학교/과외/","","","https://studyway.kr/school/110041795-상명대학교사범대학부속여자고등학교/과외/","4"
"school_content","","","school","서울","","","","서울과학고등학교","서울과학고등학교","","","과외","/school/110043147-서울과학고등학교/과외/","","","https://studyway.kr/school/110043147-서울과학고등학교/과외/","4"
"school_content","","","school","서울","","","","서울국제고등학교","서울국제고등학교","","","과외","/school/110046817-서울국제고등학교/과외/","","","https://studyway.kr/school/110046817-서울국제고등학교/과외/","4"
"school_content","","","school","서울","","","","서울예술고등학교","서울예술고등학교","","","과외","/school/110044681-서울예술고등학교/과외/","","","https://studyway.kr/school/110044681-서울예술고등학교/과외/","4"
"school_content","","","school","서울","","","","성동고등학교","성동고등학교","","","과외","/school/110041155-성동고등학교/과외/","","","https://studyway.kr/school/110041155-성동고등학교/과외/","4"
"school_content","","","school","서울","","","","이화여자고등학교","이화여자고등학교","","","과외","/school/110041835-이화여자고등학교/과외/","","","https://studyway.kr/school/110041835-이화여자고등학교/과외/","4"
"school_content","","","school","서울","","","","이화여자외국어고등학교","이화여자외국어고등학교","","","과외","/school/110045837-이화여자외국어고등학교/과외/","","","https://studyway.kr/school/110045837-이화여자외국어고등학교/과외/","4"
"school_content","","","school","서울","","","","장충고등학교","장충고등학교","","","과외","/school/110041725-장충고등학교/과외/","","","https://studyway.kr/school/110041725-장충고등학교/과외/","4"
"school_content","","","school","서울","","","","중앙고등학교","중앙고등학교","","","과외","/school/110041733-중앙고등학교/과외/","","","https://studyway.kr/school/110041733-중앙고등학교/과외/","4"
"school_content","","","school","서울","","","","환일고등학교","환일고등학교","","","과외","/school/110041761-환일고등학교/과외/","","","https://studyway.kr/school/110041761-환일고등학교/과외/","4"
"school_content","","","school","서울","","","","서울고등학교","서울고등학교","","","과외","/school/110041145-서울고등학교/과외/","","","https://studyway.kr/school/110041145-서울고등학교/과외/","4"
"school_content","","","school","서울","","","","서초고등학교","서초고등학교","","","과외","/school/110041151-서초고등학교/과외/","","","https://studyway.kr/school/110041151-서초고등학교/과외/","4"
"school_content","","","school","서울","","","","양재고등학교","양재고등학교","","","과외","/school/110041161-양재고등학교/과외/","","","https://studyway.kr/school/110041161-양재고등학교/과외/","4"
"school_content","","","school","경기","","","","서현고등학교","서현고등학교","","","과외","/school/410041324-서현고등학교/과외/","","","https://studyway.kr/school/410041324-서현고등학교/과외/","4"
"school_content","","","school","서울","","","","석관고등학교","석관고등학교","","","과외","/school/110041153-석관고등학교/과외/","","","https://studyway.kr/school/110041153-석관고등학교/과외/","4"
"school_content","","","school","경기","","","","충훈고등학교","충훈고등학교","","","과외","/school/410041513-충훈고등학교/과외/","","","https://studyway.kr/school/410041513-충훈고등학교/과외/","4"
"school_content","","","school","경기","","","","예당고등학교","예당고등학교","","","과외","/school/410041405-예당고등학교/과외/","","","https://studyway.kr/school/410041405-예당고등학교/과외/","4"
"school_content","","","school","경기","","","","선부고등학교","선부고등학교","","","과외","/school/410041330-선부고등학교/과외/","","","https://studyway.kr/school/410041330-선부고등학교/과외/","4"
"school_content","","","school","서울","","","","금호고등학교","금호고등학교","","","과외","/school/110041272-금호고등학교/과외/","","","https://studyway.kr/school/110041272-금호고등학교/과외/","4"
"school_content","","","school","서울","","","","도선고등학교","도선고등학교","","","과외","/school/110041271-도선고등학교/과외/","","","https://studyway.kr/school/110041271-도선고등학교/과외/","4"
"school_content","","","school","서울","","","","무학여자고등학교","무학여자고등학교","","","과외","/school/110041203-무학여자고등학교/과외/","","","https://studyway.kr/school/110041203-무학여자고등학교/과외/","4"
"school_content","","","school","경기","","","","성복고등학교","성복고등학교","","","과외","/school/410041115-성복고등학교/과외/","","","https://studyway.kr/school/410041115-성복고등학교/과외/","4"
"school_content","","","school","서울","","","","경동고등학교","경동고등학교","","","과외","/school/110041107-경동고등학교/과외/","","","https://studyway.kr/school/110041107-경동고등학교/과외/","4"
"school_content","","","school","서울","","","","한성여자고등학교","한성여자고등학교","","","과외","/school/110041853-한성여자고등학교/과외/","","","https://studyway.kr/school/110041853-한성여자고등학교/과외/","4"
"school_content","","","school","서울","","","","홍익대학교사범대학부속고등학교","홍익대학교사범대학부속고등학교","","","과외","/school/110041757-홍익대학교사범대학부속고등학교/과외/","","","https://studyway.kr/school/110041757-홍익대학교사범대학부속고등학교/과외/","4"
"school_content","","","school","경기","","","","성사고등학교","성사고등학교","","","과외","/school/410041345-성사고등학교/과외/","","","https://studyway.kr/school/410041345-성사고등학교/과외/","4"
"school_content","","","school","서울","","","","홍익대학교사범대학부속여자고등학교","홍익대학교사범대학부속여자고등학교","","","과외","/school/110041861-홍익대학교사범대학부속여자고등학교/과외/","","","https://studyway.kr/school/110041861-홍익대학교사범대학부속여자고등학교/과외/","4"
"school_content","","","school","서울","","","","경일고등학교","경일고등학교","","","과외","/school/110041229-경일고등학교/과외/","","","https://studyway.kr/school/110041229-경일고등학교/과외/","4"
"school_content","","","school","서울","","","","성수고등학교","성수고등학교","","","과외","/school/110041259-성수고등학교/과외/","","","https://studyway.kr/school/110041259-성수고등학교/과외/","4"
"school_content","","","school","경기","","","","성포고등학교","성포고등학교","","","과외","/school/410041559-성포고등학교/과외/","","","https://studyway.kr/school/410041559-성포고등학교/과외/","4"
"school_content","","","school","경기","","","","세마고등학교","세마고등학교","","","과외","/school/410041974-세마고등학교/과외/","","","https://studyway.kr/school/410041974-세마고등학교/과외/","4"
"school_content","","","school","경기","","","","소사고등학교","소사고등학교","","","과외","/school/410041352-소사고등학교/과외/","","","https://studyway.kr/school/410041352-소사고등학교/과외/","4"
"school_content","","","school","경기","","","","광휘고등학교","광휘고등학교","","","과외","/school/410041876-광휘고등학교/과외/","","","https://studyway.kr/school/410041876-광휘고등학교/과외/","4"
"school_content","","","school","경기","","","","소하고등학교","소하고등학교","","","과외","/school/410041353-소하고등학교/과외/","","","https://studyway.kr/school/410041353-소하고등학교/과외/","4"
"school_content","","","school","경기","","","","운산고등학교","운산고등학교","","","과외","/school/410041116-운산고등학교/과외/","","","https://studyway.kr/school/410041116-운산고등학교/과외/","4"
"school_content","","","school","경기","","","","충현고등학교","충현고등학교","","","과외","/school/410041512-충현고등학교/과외/","","","https://studyway.kr/school/410041512-충현고등학교/과외/","4"
"school_content","","","school","경기","","","","동남고등학교","동남고등학교","","","과외","/school/410041657-동남고등학교/과외/","","","https://studyway.kr/school/410041657-동남고등학교/과외/","4"
"school_content","","","school","경기","","","","송우고등학교","송우고등학교","","","과외","/school/410041400-송우고등학교/과외/","","","https://studyway.kr/school/410041400-송우고등학교/과외/","4"
"school_content","","","school","경기","","","","부천고등학교","부천고등학교","","","과외","/school/410041260-부천고등학교/과외/","","","https://studyway.kr/school/410041260-부천고등학교/과외/","4"
"school_content","","","school","경기","","","","송내고등학교","송내고등학교","","","과외","/school/410041351-송내고등학교/과외/","","","https://studyway.kr/school/410041351-송내고등학교/과외/","4"
"school_content","","","school","서울","","","","영파여자고등학교","영파여자고등학교","","","과외","/school/110041825-영파여자고등학교/과외/","","","https://studyway.kr/school/110041825-영파여자고등학교/과외/","4"
"school_content","","","school","서울","","","","가락고등학교","가락고등학교","","","과외","/school/110041101-가락고등학교/과외/","","","https://studyway.kr/school/110041101-가락고등학교/과외/","4"
"school_content","","","school","서울","","","","잠실여자고등학교","잠실여자고등학교","","","과외","/school/110041839-잠실여자고등학교/과외/","","","https://studyway.kr/school/110041839-잠실여자고등학교/과외/","4"
"school_content","","","school","경기","","","","분당고등학교","분당고등학교","","","과외","/school/410041292-분당고등학교/과외/","","","https://studyway.kr/school/410041292-분당고등학교/과외/","4"
"school_content","","","school","경기","","","","수내고등학교","수내고등학교","","","과외","/school/410041354-수내고등학교/과외/","","","https://studyway.kr/school/410041354-수내고등학교/과외/","4"
"school_content","","","school","서울","","","","서울세종고등학교","서울세종고등학교","","","과외","/school/110041679-서울세종고등학교/과외/","","","https://studyway.kr/school/110041679-서울세종고등학교/과외/","4"
"school_content","","","school","경기","","","","이의고등학교","이의고등학교","","","과외","/school/410041980-이의고등학교/과외/","","","https://studyway.kr/school/410041980-이의고등학교/과외/","4"
"school_content","","","school","서울","","","","혜화여자고등학교","혜화여자고등학교","","","과외","/school/110041215-혜화여자고등학교/과외/","","","https://studyway.kr/school/110041215-혜화여자고등학교/과외/","4"
"school_content","","","school","경기","","","","효성고등학교","효성고등학교","","","과외","/school/410041965-효성고등학교/과외/","","","https://studyway.kr/school/410041965-효성고등학교/과외/","4"
"school_content","","","school","경기","","","","대지고등학교","대지고등학교","","","과외","/school/410041206-대지고등학교/과외/","","","https://studyway.kr/school/410041206-대지고등학교/과외/","4"
"school_content","","","school","경기","","","","신봉고등학교","신봉고등학교","","","과외","/school/410041924-신봉고등학교/과외/","","","https://studyway.kr/school/410041924-신봉고등학교/과외/","4"
"school_content","","","school","경기","","","","용인홍천고등학교","용인홍천고등학교","","","과외","/school/410041596-용인홍천고등학교/과외/","","","https://studyway.kr/school/410041596-용인홍천고등학교/과외/","4"
"school_content","","","school","경기","","","","죽전고등학교","죽전고등학교","","","과외","/school/410041493-죽전고등학교/과외/","","","https://studyway.kr/school/410041493-죽전고등학교/과외/","4"
"school_content","","","school","경기","","","","현암고등학교","현암고등학교","","","과외","/school/410041592-현암고등학교/과외/","","","https://studyway.kr/school/410041592-현암고등학교/과외/","4"
"school_content","","","school","경기","","","","풍생고등학교","풍생고등학교","","","과외","/school/410041935-풍생고등학교/과외/","","","https://studyway.kr/school/410041935-풍생고등학교/과외/","4"
"school_content","","","school","경기","","","","매홀고등학교","매홀고등학교","","","과외","/school/410041003-매홀고등학교/과외/","","","https://studyway.kr/school/410041003-매홀고등학교/과외/","4"
"school_content","","","school","경기","","","","수택고등학교","수택고등학교","","","과외","/school/410041359-수택고등학교/과외/","","","https://studyway.kr/school/410041359-수택고등학교/과외/","4"
"school_content","","","school","경기","","","","소래고등학교","소래고등학교","","","과외","/school/410041334-소래고등학교/과외/","","","https://studyway.kr/school/410041334-소래고등학교/과외/","4"
"school_content","","","school","경기","","","","시흥고등학교","시흥고등학교","","","과외","/school/410041369-시흥고등학교/과외/","","","https://studyway.kr/school/410041369-시흥고등학교/과외/","4"
"school_content","","","school","경기","","","","시흥매화고등학교","시흥매화고등학교","","","과외","/school/410041376-시흥매화고등학교/과외/","","","https://studyway.kr/school/410041376-시흥매화고등학교/과외/","4"
"school_content","","","school","경기","","","","신천고등학교","신천고등학교","","","과외","/school/410041971-신천고등학교/과외/","","","https://studyway.kr/school/410041971-신천고등학교/과외/","4"
"school_content","","","school","경기","","","","은행고등학교","은행고등학교","","","과외","/school/410041432-은행고등학교/과외/","","","https://studyway.kr/school/410041432-은행고등학교/과외/","4"
"school_content","","","school","서울","","","","국립전통예술고등학교","국립전통예술고등학교","","","과외","/school/110044030-국립전통예술고등학교/과외/","","","https://studyway.kr/school/110044030-국립전통예술고등학교/과외/","4"
"school_content","","","school","서울","","","","금천고등학교","금천고등학교","","","과외","/school/110041127-금천고등학교/과외/","","","https://studyway.kr/school/110041127-금천고등학교/과외/","4"
"school_content","","","school","서울","","","","동일여자고등학교","동일여자고등학교","","","과외","/school/110041782-동일여자고등학교/과외/","","","https://studyway.kr/school/110041782-동일여자고등학교/과외/","4"
"school_content","","","school","서울","","","","문일고등학교","문일고등학교","","","과외","/school/110041659-문일고등학교/과외/","","","https://studyway.kr/school/110041659-문일고등학교/과외/","4"
"school_content","","","school","경기","","","","고양국제고등학교","고양국제고등학교","","","과외","/school/410046111-고양국제고등학교/과외/","","","https://studyway.kr/school/410046111-고양국제고등학교/과외/","4"
"school_content","","","school","경기","","","","저현고등학교","저현고등학교","","","과외","/school/410041121-저현고등학교/과외/","","","https://studyway.kr/school/410041121-저현고등학교/과외/","4"
"school_content","","","school","경기","","","","기흥고등학교","기흥고등학교","","","과외","/school/410041191-기흥고등학교/과외/","","","https://studyway.kr/school/410041191-기흥고등학교/과외/","4"
"school_content","","","school","경기","","","","발곡고등학교","발곡고등학교","","","과외","/school/410041976-발곡고등학교/과외/","","","https://studyway.kr/school/410041976-발곡고등학교/과외/","4"
"school_content","","","school","경기","","","","효자고등학교","효자고등학교","","","과외","/school/410041599-효자고등학교/과외/","","","https://studyway.kr/school/410041599-효자고등학교/과외/","4"
"school_content","","","school","서울","","","","대영고등학교","대영고등학교","","","과외","/school/110041131-대영고등학교/과외/","","","https://studyway.kr/school/110041131-대영고등학교/과외/","4"
"school_content","","","school","서울","","","","영등포여자고등학교","영등포여자고등학교","","","과외","/school/110041211-영등포여자고등학교/과외/","","","https://studyway.kr/school/110041211-영등포여자고등학교/과외/","4"
"school_content","","","school","서울","","","","영신고등학교","영신고등학교","","","과외","/school/110041169-영신고등학교/과외/","","","https://studyway.kr/school/110041169-영신고등학교/과외/","4"
"school_content","","","school","서울","","","","장훈고등학교","장훈고등학교","","","과외","/school/110041726-장훈고등학교/과외/","","","https://studyway.kr/school/110041726-장훈고등학교/과외/","4"
"school_content","","","school","서울","","","","광신고등학교","광신고등학교","","","과외","/school/110041619-광신고등학교/과외/","","","https://studyway.kr/school/110041619-광신고등학교/과외/","4"
"school_content","","","school","서울","","","","남강고등학교","남강고등학교","","","과외","/school/110041623-남강고등학교/과외/","","","https://studyway.kr/school/110041623-남강고등학교/과외/","4"
"school_content","","","school","서울","","","","미림여자고등학교","미림여자고등학교","","","과외","/school/110041789-미림여자고등학교/과외/","","","https://studyway.kr/school/110041789-미림여자고등학교/과외/","4"
"school_content","","","school","서울","","","","삼성고등학교","삼성고등학교","","","과외","/school/110041141-삼성고등학교/과외/","","","https://studyway.kr/school/110041141-삼성고등학교/과외/","4"
"school_content","","","school","서울","","","","성보고등학교","성보고등학교","","","과외","/school/110041693-성보고등학교/과외/","","","https://studyway.kr/school/110041693-성보고등학교/과외/","4"
"school_content","","","school","서울","","","","신림고등학교","신림고등학교","","","과외","/school/110041157-신림고등학교/과외/","","","https://studyway.kr/school/110041157-신림고등학교/과외/","4"
"school_content","","","school","서울","","","","숭실고등학교","숭실고등학교","","","과외","/school/110041701-숭실고등학교/과외/","","","https://studyway.kr/school/110041701-숭실고등학교/과외/","4"
"school_content","","","school","서울","","","","대광고등학교","대광고등학교","","","과외","/school/110041627-대광고등학교/과외/","","","https://studyway.kr/school/110041627-대광고등학교/과외/","4"
"school_content","","","school","서울","","","","광성고등학교","광성고등학교","","","과외","/school/110041617-광성고등학교/과외/","","","https://studyway.kr/school/110041617-광성고등학교/과외/","4"
"school_content","","","school","경기","","","","신원고등학교","신원고등학교","","","과외","/school/410041744-신원고등학교/과외/","","","https://studyway.kr/school/410041744-신원고등학교/과외/","4"
"school_content","","","school","서울","","","","광영고등학교","광영고등학교","","","과외","/school/110041621-광영고등학교/과외/","","","https://studyway.kr/school/110041621-광영고등학교/과외/","4"
"school_content","","","school","서울","","","","광영여자고등학교","광영여자고등학교","","","과외","/school/110041771-광영여자고등학교/과외/","","","https://studyway.kr/school/110041771-광영여자고등학교/과외/","4"
"school_content","","","school","경기","","","","신장고등학교","신장고등학교","","","과외","/school/410041370-신장고등학교/과외/","","","https://studyway.kr/school/410041370-신장고등학교/과외/","4"
"school_content","","","school","서울","","","","잠실고등학교","잠실고등학교","","","과외","/school/110041183-잠실고등학교/과외/","","","https://studyway.kr/school/110041183-잠실고등학교/과외/","4"
"school_content","","","school","경기","","","","정명고등학교","정명고등학교","","","과외","/school/410041895-정명고등학교/과외/","","","https://studyway.kr/school/410041895-정명고등학교/과외/","4"
"school_content","","","school","서울","","","","선덕고등학교","선덕고등학교","","","과외","/school/110041685-선덕고등학교/과외/","","","https://studyway.kr/school/110041685-선덕고등학교/과외/","4"
"school_content","","","school","서울","","","","정의여자고등학교","정의여자고등학교","","","과외","/school/110041842-정의여자고등학교/과외/","","","https://studyway.kr/school/110041842-정의여자고등학교/과외/","4"
"school_content","","","school","서울","","","","효문고등학교","효문고등학교","","","과외","/school/110041241-효문고등학교/과외/","","","https://studyway.kr/school/110041241-효문고등학교/과외/","4"
"school_content","","","school","경기","","","","가온고등학교","가온고등학교","","","과외","/school/410058814-가온고등학교/과외/","","","https://studyway.kr/school/410058814-가온고등학교/과외/","4"
"school_content","","","school","경기","","","","경기창조고등학교","경기창조고등학교","","","과외","/school/410041973-경기창조고등학교/과외/","","","https://studyway.kr/school/410041973-경기창조고등학교/과외/","4"
"school_content","","","school","경기","","","","안법고등학교","안법고등학교","","","과외","/school/410041795-안법고등학교/과외/","","","https://studyway.kr/school/410041795-안법고등학교/과외/","4"
"school_content","","","school","경기","","","","안성고등학교","안성고등학교","","","과외","/school/410041372-안성고등학교/과외/","","","https://studyway.kr/school/410041372-안성고등학교/과외/","4"
"school_content","","","school","경기","","","","안성여자고등학교","안성여자고등학교","","","과외","/school/410041380-안성여자고등학교/과외/","","","https://studyway.kr/school/410041380-안성여자고등학교/과외/","4"
"school_content","","","school","경기","","","","죽산고등학교","죽산고등학교","","","과외","/school/410058544-죽산고등학교/과외/","","","https://studyway.kr/school/410058544-죽산고등학교/과외/","4"
"school_content","","","school","서울","","","","용문고등학교","용문고등학교","","","과외","/school/110041719-용문고등학교/과외/","","","https://studyway.kr/school/110041719-용문고등학교/과외/","4"
"school_content","","","school","경기","","","","성문고등학교","성문고등학교","","","과외","/school/410041714-성문고등학교/과외/","","","https://studyway.kr/school/410041714-성문고등학교/과외/","4"
"school_content","","","school","경기","","","","신성고등학교","신성고등학교","","","과외","/school/410041780-신성고등학교/과외/","","","https://studyway.kr/school/410041780-신성고등학교/과외/","4"
"school_content","","","school","경기","","","","안양여자고등학교","안양여자고등학교","","","과외","/school/410041810-안양여자고등학교/과외/","","","https://studyway.kr/school/410041810-안양여자고등학교/과외/","4"
"school_content","","","school","경기","","","","안양예술고등학교","안양예술고등학교","","","과외","/school/410044816-안양예술고등학교/과외/","","","https://studyway.kr/school/410044816-안양예술고등학교/과외/","4"
"school_content","","","school","경기","","","","안양외국어고등학교","안양외국어고등학교","","","과외","/school/410045817-안양외국어고등학교/과외/","","","https://studyway.kr/school/410045817-안양외국어고등학교/과외/","4"
"school_content","","","school","경기","","","","양명고등학교","양명고등학교","","","과외","/school/410041825-양명고등학교/과외/","","","https://studyway.kr/school/410041825-양명고등학교/과외/","4"
"school_content","","","school","경기","","","","양명여자고등학교","양명여자고등학교","","","과외","/school/410041830-양명여자고등학교/과외/","","","https://studyway.kr/school/410041830-양명여자고등학교/과외/","4"
"school_content","","","school","서울","","","","선사고등학교","선사고등학교","","","과외","/school/110041265-선사고등학교/과외/","","","https://studyway.kr/school/110041265-선사고등학교/과외/","4"
"school_content","","","school","서울","","","","압구정고등학교","압구정고등학교","","","과외","/school/110041125-압구정고등학교/과외/","","","https://studyway.kr/school/110041125-압구정고등학교/과외/","4"
"school_content","","","school","서울","","","","청담고등학교","청담고등학교","","","과외","/school/110041189-청담고등학교/과외/","","","https://studyway.kr/school/110041189-청담고등학교/과외/","4"
"school_content","","","school","서울","","","","현대고등학교","현대고등학교","","","과외","/school/110041755-현대고등학교/과외/","","","https://studyway.kr/school/110041755-현대고등학교/과외/","4"
"school_content","","","school","경기","","","","한빛고등학교","한빛고등학교","","","과외","/school/410041005-한빛고등학교/과외/","","","https://studyway.kr/school/410041005-한빛고등학교/과외/","4"
"school_content","","","school","경기","","","","분당영덕여자고등학교","분당영덕여자고등학교","","","과외","/school/410041845-분당영덕여자고등학교/과외/","","","https://studyway.kr/school/410041845-분당영덕여자고등학교/과외/","4"
"school_content","","","school","경기","","","","야탑고등학교","야탑고등학교","","","과외","/school/410041821-야탑고등학교/과외/","","","https://studyway.kr/school/410041821-야탑고등학교/과외/","4"
"school_content","","","school","경기","","","","태원고등학교","태원고등학교","","","과외","/school/410041920-태원고등학교/과외/","","","https://studyway.kr/school/410041920-태원고등학교/과외/","4"
"school_content","","","school","서울","","","","언남고등학교","언남고등학교","","","과외","/school/110041163-언남고등학교/과외/","","","https://studyway.kr/school/110041163-언남고등학교/과외/","4"
"school_content","","","school","경기","","","","양주백석고등학교","양주백석고등학교","","","과외","/school/410041390-양주백석고등학교/과외/","","","https://studyway.kr/school/410041390-양주백석고등학교/과외/","4"
"school_content","","","school","서울","","","","금옥여자고등학교","금옥여자고등학교","","","과외","/school/110041199-금옥여자고등학교/과외/","","","https://studyway.kr/school/110041199-금옥여자고등학교/과외/","4"
"school_content","","","school","서울","","","","목동고등학교","목동고등학교","","","과외","/school/110041817-목동고등학교/과외/","","","https://studyway.kr/school/110041817-목동고등학교/과외/","4"
"school_content","","","school","서울","","","","백암고등학교","백암고등학교","","","과외","/school/110041667-백암고등학교/과외/","","","https://studyway.kr/school/110041667-백암고등학교/과외/","4"
"school_content","","","school","서울","","","","신목고등학교","신목고등학교","","","과외","/school/110041159-신목고등학교/과외/","","","https://studyway.kr/school/110041159-신목고등학교/과외/","4"
"school_content","","","school","서울","","","","신서고등학교","신서고등학교","","","과외","/school/110041239-신서고등학교/과외/","","","https://studyway.kr/school/110041239-신서고등학교/과외/","4"
"school_content","","","school","서울","","","","양천고등학교","양천고등학교","","","과외","/school/110041707-양천고등학교/과외/","","","https://studyway.kr/school/110041707-양천고등학교/과외/","4"
"school_content","","","school","경기","","","","양곡고등학교","양곡고등학교","","","과외","/school/410041828-양곡고등학교/과외/","","","https://studyway.kr/school/410041828-양곡고등학교/과외/","4"
"school_content","","","school","경기","","","","양동고등학교","양동고등학교","","","과외","/school/410058834-양동고등학교/과외/","","","https://studyway.kr/school/410058834-양동고등학교/과외/","4"
"school_content","","","school","경기","","","","양서고등학교","양서고등학교","","","과외","/school/410058840-양서고등학교/과외/","","","https://studyway.kr/school/410058840-양서고등학교/과외/","4"
"school_content","","","school","경기","","","","양일고등학교","양일고등학교","","","과외","/school/410041843-양일고등학교/과외/","","","https://studyway.kr/school/410041843-양일고등학교/과외/","4"
"school_content","","","school","경기","","","","양평고등학교","양평고등학교","","","과외","/school/410058401-양평고등학교/과외/","","","https://studyway.kr/school/410058401-양평고등학교/과외/","4"
"school_content","","","school","경기","","","","용문고등학교","용문고등학교","","","과외","/school/410058864-용문고등학교/과외/","","","https://studyway.kr/school/410058864-용문고등학교/과외/","4"
"school_content","","","school","경기","","","","지평고등학교","지평고등학교","","","과외","/school/410041358-지평고등학교/과외/","","","https://studyway.kr/school/410041358-지평고등학교/과외/","4"
"school_content","","","school","경기","","","","청운고등학교","청운고등학교","","","과외","/school/410041508-청운고등학교/과외/","","","https://studyway.kr/school/410041508-청운고등학교/과외/","4"
"school_content","","","school","서울","","","","관악고등학교","관악고등학교","","","과외","/school/110041115-관악고등학교/과외/","","","https://studyway.kr/school/110041115-관악고등학교/과외/","4"
"school_content","","","school","서울","","","","선유고등학교","선유고등학교","","","과외","/school/110041231-선유고등학교/과외/","","","https://studyway.kr/school/110041231-선유고등학교/과외/","4"
"school_content","","","school","서울","","","","여의도고등학교","여의도고등학교","","","과외","/school/110041165-여의도고등학교/과외/","","","https://studyway.kr/school/110041165-여의도고등학교/과외/","4"
"school_content","","","school","서울","","","","여의도여자고등학교","여의도여자고등학교","","","과외","/school/110041209-여의도여자고등학교/과외/","","","https://studyway.kr/school/110041209-여의도여자고등학교/과외/","4"
"school_content","","","school","경기","","","","대신고등학교","대신고등학교","","","과외","/school/410041645-대신고등학교/과외/","","","https://studyway.kr/school/410041645-대신고등학교/과외/","4"
"school_content","","","school","경기","","","","세종고등학교","세종고등학교","","","과외","/school/410041401-세종고등학교/과외/","","","https://studyway.kr/school/410041401-세종고등학교/과외/","4"
"school_content","","","school","경기","","","","여강고등학교","여강고등학교","","","과외","/school/410041852-여강고등학교/과외/","","","https://studyway.kr/school/410041852-여강고등학교/과외/","4"
"school_content","","","school","경기","","","","여주고등학교","여주고등학교","","","과외","/school/410041835-여주고등학교/과외/","","","https://studyway.kr/school/410041835-여주고등학교/과외/","4"
"school_content","","","school","경기","","","","여주제일고등학교","여주제일고등학교","","","과외","/school/410058861-여주제일고등학교/과외/","","","https://studyway.kr/school/410058861-여주제일고등학교/과외/","4"
"school_content","","","school","경기","","","","이포고등학교","이포고등학교","","","과외","/school/410041468-이포고등학교/과외/","","","https://studyway.kr/school/410041468-이포고등학교/과외/","4"
"school_content","","","school","경기","","","","점동고등학교","점동고등학교","","","과외","/school/410041527-점동고등학교/과외/","","","https://studyway.kr/school/410041527-점동고등학교/과외/","4"
"school_content","","","school","경기","","","","용인고등학교","용인고등학교","","","과외","/school/410041408-용인고등학교/과외/","","","https://studyway.kr/school/410041408-용인고등학교/과외/","4"
"school_content","","","school","서울","","","","진선여자고등학교","진선여자고등학교","","","과외","/school/110041847-진선여자고등학교/과외/","","","https://studyway.kr/school/110041847-진선여자고등학교/과외/","4"
"school_content","","","school","서울","","","","경성고등학교","경성고등학교","","","과외","/school/110041607-경성고등학교/과외/","","","https://studyway.kr/school/110041607-경성고등학교/과외/","4"
"school_content","","","school","경기","","","","연천고등학교","연천고등학교","","","과외","/school/410058422-연천고등학교/과외/","","","https://studyway.kr/school/410058422-연천고등학교/과외/","4"
"school_content","","","school","경기","","","","전곡고등학교","전곡고등학교","","","과외","/school/410058520-전곡고등학교/과외/","","","https://studyway.kr/school/410058520-전곡고등학교/과외/","4"
"school_content","","","school","서울","","","","서울여자고등학교","서울여자고등학교","","","과외","/school/110041205-서울여자고등학교/과외/","","","https://studyway.kr/school/110041205-서울여자고등학교/과외/","4"
"school_content","","","school","경기","","","","흥덕고등학교","흥덕고등학교","","","과외","/school/410041975-흥덕고등학교/과외/","","","https://studyway.kr/school/410041975-흥덕고등학교/과외/","4"
"school_content","","","school","경기","","","","영덕고등학교","영덕고등학교","","","과외","/school/410041406-영덕고등학교/과외/","","","https://studyway.kr/school/410041406-영덕고등학교/과외/","4"
"school_content","","","school","경기","","","","청명고등학교","청명고등학교","","","과외","/school/410041504-청명고등학교/과외/","","","https://studyway.kr/school/410041504-청명고등학교/과외/","4"
"school_content","","","school","경기","","","","태장고등학교","태장고등학교","","","과외","/school/410041514-태장고등학교/과외/","","","https://studyway.kr/school/410041514-태장고등학교/과외/","4"
"school_content","","","school","서울","","","","보인고등학교","보인고등학교","","","과외","/school/110041794-보인고등학교/과외/","","","https://studyway.kr/school/110041794-보인고등학교/과외/","4"
"school_content","","","school","서울","","","","오금고등학교","오금고등학교","","","과외","/school/110041171-오금고등학교/과외/","","","https://studyway.kr/school/110041171-오금고등학교/과외/","4"
"school_content","","","school","경기","","","","오남고등학교","오남고등학교","","","과외","/school/410041466-오남고등학교/과외/","","","https://studyway.kr/school/410041466-오남고등학교/과외/","4"
"school_content","","","school","경기","","","","영신여자고등학교","영신여자고등학교","","","과외","/school/410041865-영신여자고등학교/과외/","","","https://studyway.kr/school/410041865-영신여자고등학교/과외/","4"
"school_content","","","school","경기","","","","성호고등학교","성호고등학교","","","과외","/school/410041350-성호고등학교/과외/","","","https://studyway.kr/school/410041350-성호고등학교/과외/","4"
"school_content","","","school","경기","","","","오산고등학교","오산고등학교","","","과외","/school/410041870-오산고등학교/과외/","","","https://studyway.kr/school/410041870-오산고등학교/과외/","4"
"school_content","","","school","경기","","","","운암고등학교","운암고등학교","","","과외","/school/410041417-운암고등학교/과외/","","","https://studyway.kr/school/410041417-운암고등학교/과외/","4"
"school_content","","","school","경기","","","","모락고등학교","모락고등학교","","","과외","/school/410041888-모락고등학교/과외/","","","https://studyway.kr/school/410041888-모락고등학교/과외/","4"
"school_content","","","school","경기","","","","덕산고등학교","덕산고등학교","","","과외","/school/410041211-덕산고등학교/과외/","","","https://studyway.kr/school/410041211-덕산고등학교/과외/","4"
"school_content","","","school","경기","","","","옥빛고등학교","옥빛고등학교","","","과외","/school/410041409-옥빛고등학교/과외/","","","https://studyway.kr/school/410041409-옥빛고등학교/과외/","4"
"school_content","","","school","경기","","","","옥정고등학교","옥정고등학교","","","과외","/school/410041982-옥정고등학교/과외/","","","https://studyway.kr/school/410041982-옥정고등학교/과외/","4"
"school_content","","","school","경기","","","","안산강서고등학교","안산강서고등학교","","","과외","/school/410041800-안산강서고등학교/과외/","","","https://studyway.kr/school/410041800-안산강서고등학교/과외/","4"
"school_content","","","school","경기","","","","지산고등학교","지산고등학교","","","과외","/school/410041903-지산고등학교/과외/","","","https://studyway.kr/school/410041903-지산고등학교/과외/","4"
"school_content","","","school","경기","","","","덕소고등학교","덕소고등학교","","","과외","/school/410041650-덕소고등학교/과외/","","","https://studyway.kr/school/410041650-덕소고등학교/과외/","4"
"school_content","","","school","경기","","","","와부고등학교","와부고등학교","","","과외","/school/410041407-와부고등학교/과외/","","","https://studyway.kr/school/410041407-와부고등학교/과외/","4"
"school_content","","","school","서울","","","","배문고등학교","배문고등학교","","","과외","/school/110041663-배문고등학교/과외/","","","https://studyway.kr/school/110041663-배문고등학교/과외/","4"
"school_content","","","school","서울","","","","성심여자고등학교","성심여자고등학교","","","과외","/school/110041807-성심여자고등학교/과외/","","","https://studyway.kr/school/110041807-성심여자고등학교/과외/","4"
"school_content","","","school","서울","","","","신광여자고등학교","신광여자고등학교","","","과외","/school/110041815-신광여자고등학교/과외/","","","https://studyway.kr/school/110041815-신광여자고등학교/과외/","4"
"school_content","","","school","서울","","","","오산고등학교","오산고등학교","","","과외","/school/110041717-오산고등학교/과외/","","","https://studyway.kr/school/110041717-오산고등학교/과외/","4"
"school_content","","","school","서울","","","","중경고등학교","중경고등학교","","","과외","/school/110041185-중경고등학교/과외/","","","https://studyway.kr/school/110041185-중경고등학교/과외/","4"
"school_content","","","school","서울","","","","보성여자고등학교","보성여자고등학교","","","과외","/school/110041793-보성여자고등학교/과외/","","","https://studyway.kr/school/110041793-보성여자고등학교/과외/","4"
"school_content","","","school","서울","","","","용산고등학교","용산고등학교","","","과외","/school/110041175-용산고등학교/과외/","","","https://studyway.kr/school/110041175-용산고등학교/과외/","4"
"school_content","","","school","경기","","","","동국대학교사범대학부속영석고등학교","동국대학교사범대학부속영석고등학교","","","과외","/school/410041860-동국대학교사범대학부속영석고등학교/과외/","","","https://studyway.kr/school/410041860-동국대학교사범대학부속영석고등학교/과외/","4"
"school_content","","","school","경기","","","","유신고등학교","유신고등학교","","","과외","/school/410041885-유신고등학교/과외/","","","https://studyway.kr/school/410041885-유신고등학교/과외/","4"
"school_content","","","school","경기","","","","창현고등학교","창현고등학교","","","과외","/school/410041910-창현고등학교/과외/","","","https://studyway.kr/school/410041910-창현고등학교/과외/","4"
"school_content","","","school","경기","","","","김포제일고등학교","김포제일고등학교","","","과외","/school/410041002-김포제일고등학교/과외/","","","https://studyway.kr/school/410041002-김포제일고등학교/과외/","4"
"school_content","","","school","경기","","","","운양고등학교","운양고등학교","","","과외","/school/410041322-운양고등학교/과외/","","","https://studyway.kr/school/410041322-운양고등학교/과외/","4"
"school_content","","","school","경기","","","","원곡고등학교","원곡고등학교","","","과외","/school/410041420-원곡고등학교/과외/","","","https://studyway.kr/school/410041420-원곡고등학교/과외/","4"
"school_content","","","school","경기","","","","계남고등학교","계남고등학교","","","과외","/school/410041124-계남고등학교/과외/","","","https://studyway.kr/school/410041124-계남고등학교/과외/","4"
"school_content","","","school","경기","","","","부천여자고등학교","부천여자고등학교","","","과외","/school/410041276-부천여자고등학교/과외/","","","https://studyway.kr/school/410041276-부천여자고등학교/과외/","4"
"school_content","","","school","경기","","","","상동고등학교","상동고등학교","","","과외","/school/410041256-상동고등학교/과외/","","","https://studyway.kr/school/410041256-상동고등학교/과외/","4"
"school_content","","","school","경기","","","","상원고등학교","상원고등학교","","","과외","/school/410041306-상원고등학교/과외/","","","https://studyway.kr/school/410041306-상원고등학교/과외/","4"
"school_content","","","school","경기","","","","소명여자고등학교","소명여자고등학교","","","과외","/school/410041740-소명여자고등학교/과외/","","","https://studyway.kr/school/410041740-소명여자고등학교/과외/","4"
"school_content","","","school","경기","","","","심원고등학교","심원고등학교","","","과외","/school/410041368-심원고등학교/과외/","","","https://studyway.kr/school/410041368-심원고등학교/과외/","4"
"school_content","","","school","경기","","","","중원고등학교","중원고등학교","","","과외","/school/410041498-중원고등학교/과외/","","","https://studyway.kr/school/410041498-중원고등학교/과외/","4"
"school_content","","","school","경기","","","","중흥고등학교","중흥고등학교","","","과외","/school/410041500-중흥고등학교/과외/","","","https://studyway.kr/school/410041500-중흥고등학교/과외/","4"
"school_content","","","school","서울","","","","염광고등학교","염광고등학교","","","과외","/school/110041819-염광고등학교/과외/","","","https://studyway.kr/school/110041819-염광고등학교/과외/","4"
"school_content","","","school","서울","","","","월계고등학교","월계고등학교","","","과외","/school/110041233-월계고등학교/과외/","","","https://studyway.kr/school/110041233-월계고등학교/과외/","4"
"school_content","","","school","경기","","","","광덕고등학교","광덕고등학교","","","과외","/school/410041972-광덕고등학교/과외/","","","https://studyway.kr/school/410041972-광덕고등학교/과외/","4"
"school_content","","","school","서울","","","","동명여자고등학교","동명여자고등학교","","","과외","/school/110041781-동명여자고등학교/과외/","","","https://studyway.kr/school/110041781-동명여자고등학교/과외/","4"
"school_content","","","school","서울","","","","예일여자고등학교","예일여자고등학교","","","과외","/school/110041827-예일여자고등학교/과외/","","","https://studyway.kr/school/110041827-예일여자고등학교/과외/","4"
"school_content","","","school","서울","","","","은평고등학교","은평고등학교","","","과외","/school/110041251-은평고등학교/과외/","","","https://studyway.kr/school/110041251-은평고등학교/과외/","4"
"school_content","","","school","서울","","","","충암고등학교","충암고등학교","","","과외","/school/110041739-충암고등학교/과외/","","","https://studyway.kr/school/110041739-충암고등학교/과외/","4"
"school_content","","","school","경기","","","","의왕고등학교","의왕고등학교","","","과외","/school/410041477-의왕고등학교/과외/","","","https://studyway.kr/school/410041477-의왕고등학교/과외/","4"
"school_content","","","school","경기","","","","경기북과학고등학교","경기북과학고등학교","","","과외","/school/410043117-경기북과학고등학교/과외/","","","https://studyway.kr/school/410043117-경기북과학고등학교/과외/","4"
"school_content","","","school","경기","","","","경민고등학교","경민고등학교","","","과외","/school/410041605-경민고등학교/과외/","","","https://studyway.kr/school/410041605-경민고등학교/과외/","4"
"school_content","","","school","경기","","","","부용고등학교","부용고등학교","","","과외","/school/410041446-부용고등학교/과외/","","","https://studyway.kr/school/410041446-부용고등학교/과외/","4"
"school_content","","","school","경기","","","","송현고등학교","송현고등학교","","","과외","/school/410041581-송현고등학교/과외/","","","https://studyway.kr/school/410041581-송현고등학교/과외/","4"
"school_content","","","school","경기","","","","의정부고등학교","의정부고등학교","","","과외","/school/410041436-의정부고등학교/과외/","","","https://studyway.kr/school/410041436-의정부고등학교/과외/","4"
"school_content","","","school","경기","","","","의정부광동고등학교","의정부광동고등학교","","","과외","/school/410041630-의정부광동고등학교/과외/","","","https://studyway.kr/school/410041630-의정부광동고등학교/과외/","4"
"school_content","","","school","경기","","","","의정부여자고등학교","의정부여자고등학교","","","과외","/school/410041444-의정부여자고등학교/과외/","","","https://studyway.kr/school/410041444-의정부여자고등학교/과외/","4"
"school_content","","","school","경기","","","","상우고등학교","상우고등학교","","","과외","/school/410041706-상우고등학교/과외/","","","https://studyway.kr/school/410041706-상우고등학교/과외/","4"
"school_content","","","school","경기","","","","돌마고등학교","돌마고등학교","","","과외","/school/410041218-돌마고등학교/과외/","","","https://studyway.kr/school/410041218-돌마고등학교/과외/","4"
"school_content","","","school","경기","","","","송림고등학교","송림고등학교","","","과외","/school/410041745-송림고등학교/과외/","","","https://studyway.kr/school/410041745-송림고등학교/과외/","4"
"school_content","","","school","경기","","","","이매고등학교","이매고등학교","","","과외","/school/410041452-이매고등학교/과외/","","","https://studyway.kr/school/410041452-이매고등학교/과외/","4"
"school_content","","","school","경기","","","","광교고등학교","광교고등학교","","","과외","/school/410041187-광교고등학교/과외/","","","https://studyway.kr/school/410041187-광교고등학교/과외/","4"
"school_content","","","school","경기","","","","수원외국어고등학교","수원외국어고등학교","","","과외","/school/410045111-수원외국어고등학교/과외/","","","https://studyway.kr/school/410045111-수원외국어고등학교/과외/","4"
"school_content","","","school","경기","","","","다산고등학교","다산고등학교","","","과외","/school/410058890-다산고등학교/과외/","","","https://studyway.kr/school/410058890-다산고등학교/과외/","4"
"school_content","","","school","경기","","","","마장고등학교","마장고등학교","","","과외","/school/410041247-마장고등학교/과외/","","","https://studyway.kr/school/410041247-마장고등학교/과외/","4"
"school_content","","","school","경기","","","","부원고등학교","부원고등학교","","","과외","/school/410058895-부원고등학교/과외/","","","https://studyway.kr/school/410058895-부원고등학교/과외/","4"
"school_content","","","school","경기","","","","율면고등학교","율면고등학교","","","과외","/school/410041447-율면고등학교/과외/","","","https://studyway.kr/school/410041447-율면고등학교/과외/","4"
"school_content","","","school","경기","","","","이천양정여자고등학교","이천양정여자고등학교","","","과외","/school/410041889-이천양정여자고등학교/과외/","","","https://studyway.kr/school/410041889-이천양정여자고등학교/과외/","4"
"school_content","","","school","경기","","","","이천제일고등학교","이천제일고등학교","","","과외","/school/410058464-이천제일고등학교/과외/","","","https://studyway.kr/school/410058464-이천제일고등학교/과외/","4"
"school_content","","","school","경기","","","","이현고등학교","이현고등학교","","","과외","/school/410041119-이현고등학교/과외/","","","https://studyway.kr/school/410041119-이현고등학교/과외/","4"
"school_content","","","school","경기","","","","장호원고등학교","장호원고등학교","","","과외","/school/410041476-장호원고등학교/과외/","","","https://studyway.kr/school/410041476-장호원고등학교/과외/","4"
"school_content","","","school","경기","","","","인창고등학교","인창고등학교","","","과외","/school/410041470-인창고등학교/과외/","","","https://studyway.kr/school/410041470-인창고등학교/과외/","4"
"school_content","","","school","경기","","","","일산동고등학교","일산동고등학교","","","과외","/school/410041472-일산동고등학교/과외/","","","https://studyway.kr/school/410041472-일산동고등학교/과외/","4"
"school_content","","","school","경기","","","","안곡고등학교","안곡고등학교","","","과외","/school/410041371-안곡고등학교/과외/","","","https://studyway.kr/school/410041371-안곡고등학교/과외/","4"
"school_content","","","school","경기","","","","중산고등학교","중산고등학교","","","과외","/school/410041496-중산고등학교/과외/","","","https://studyway.kr/school/410041496-중산고등학교/과외/","4"
"school_content","","","school","경기","","","","세원고등학교","세원고등학교","","","과외","/school/410041735-세원고등학교/과외/","","","https://studyway.kr/school/410041735-세원고등학교/과외/","4"
"school_content","","","school","경기","","","","풍동고등학교","풍동고등학교","","","과외","/school/410041589-풍동고등학교/과외/","","","https://studyway.kr/school/410041589-풍동고등학교/과외/","4"
"school_content","","","school","서울","","","","중동고등학교","중동고등학교","","","과외","/school/110041729-중동고등학교/과외/","","","https://studyway.kr/school/110041729-중동고등학교/과외/","4"
"school_content","","","school","서울","","","","중산고등학교","중산고등학교","","","과외","/school/110041731-중산고등학교/과외/","","","https://studyway.kr/school/110041731-중산고등학교/과외/","4"
"school_content","","","school","서울","","","","풍문고등학교","풍문고등학교","","","과외","/school/110041851-풍문고등학교/과외/","","","https://studyway.kr/school/110041851-풍문고등학교/과외/","4"
"school_content","","","school","서울","","","","광양고등학교","광양고등학교","","","과외","/school/110041119-광양고등학교/과외/","","","https://studyway.kr/school/110041119-광양고등학교/과외/","4"
"school_content","","","school","서울","","","","자양고등학교","자양고등학교","","","과외","/school/110041179-자양고등학교/과외/","","","https://studyway.kr/school/110041179-자양고등학교/과외/","4"
"school_content","","","school","서울","","","","영동일고등학교","영동일고등학교","","","과외","/school/110041821-영동일고등학교/과외/","","","https://studyway.kr/school/110041821-영동일고등학교/과외/","4"
"school_content","","","school","서울","","","","잠신고등학교","잠신고등학교","","","과외","/school/110041181-잠신고등학교/과외/","","","https://studyway.kr/school/110041181-잠신고등학교/과외/","4"
"school_content","","","school","서울","","","","잠일고등학교","잠일고등학교","","","과외","/school/110041268-잠일고등학교/과외/","","","https://studyway.kr/school/110041268-잠일고등학교/과외/","4"
"school_content","","","school","서울","","","","정신여자고등학교","정신여자고등학교","","","과외","/school/110041841-정신여자고등학교/과외/","","","https://studyway.kr/school/110041841-정신여자고등학교/과외/","4"
"school_content","","","school","경기","","","","장곡고등학교","장곡고등학교","","","과외","/school/410041473-장곡고등학교/과외/","","","https://studyway.kr/school/410041473-장곡고등학교/과외/","4"
"school_content","","","school","경기","","","","운유고등학교","운유고등학교","","","과외","/school/410041199-운유고등학교/과외/","","","https://studyway.kr/school/410041199-운유고등학교/과외/","4"
"school_content","","","school","경기","","","","장기고등학교","장기고등학교","","","과외","/school/410041673-장기고등학교/과외/","","","https://studyway.kr/school/410041673-장기고등학교/과외/","4"
"school_content","","","school","경기","","","","경기과학고등학교","경기과학고등학교","","","과외","/school/410043116-경기과학고등학교/과외/","","","https://studyway.kr/school/410043116-경기과학고등학교/과외/","4"
"school_content","","","school","경기","","","","대평고등학교","대평고등학교","","","과외","/school/410041208-대평고등학교/과외/","","","https://studyway.kr/school/410041208-대평고등학교/과외/","4"
"school_content","","","school","경기","","","","동우여자고등학교","동우여자고등학교","","","과외","/school/410041665-동우여자고등학교/과외/","","","https://studyway.kr/school/410041665-동우여자고등학교/과외/","4"
"school_content","","","school","경기","","","","동원동우고등학교","동원동우고등학교","","","과외","/school/410041670-동원동우고등학교/과외/","","","https://studyway.kr/school/410041670-동원동우고등학교/과외/","4"
"school_content","","","school","경기","","","","수성고등학교","수성고등학교","","","과외","/school/410041356-수성고등학교/과외/","","","https://studyway.kr/school/410041356-수성고등학교/과외/","4"
"school_content","","","school","경기","","","","수일고등학교","수일고등학교","","","과외","/school/410041365-수일고등학교/과외/","","","https://studyway.kr/school/410041365-수일고등학교/과외/","4"
"school_content","","","school","경기","","","","장안고등학교","장안고등학교","","","과외","/school/410041474-장안고등학교/과외/","","","https://studyway.kr/school/410041474-장안고등학교/과외/","4"
"school_content","","","school","경기","","","","조원고등학교","조원고등학교","","","과외","/school/410041494-조원고등학교/과외/","","","https://studyway.kr/school/410041494-조원고등학교/과외/","4"
"school_content","","","school","서울","","","","동국대학교사범대학부속고등학교","동국대학교사범대학부속고등학교","","","과외","/school/110041645-동국대학교사범대학부속고등학교/과외/","","","https://studyway.kr/school/110041645-동국대학교사범대학부속고등학교/과외/","4"
"school_content","","","school","서울","","","","문현고등학교","문현고등학교","","","과외","/school/110041263-문현고등학교/과외/","","","https://studyway.kr/school/110041263-문현고등학교/과외/","4"
"school_content","","","school","서울","","","","해성여자고등학교","해성여자고등학교","","","과외","/school/110041869-해성여자고등학교/과외/","","","https://studyway.kr/school/110041869-해성여자고등학교/과외/","4"
"school_content","","","school","서울","","","","고려대학교사범대학부속고등학교","고려대학교사범대학부속고등학교","","","과외","/school/110041613-고려대학교사범대학부속고등학교/과외/","","","https://studyway.kr/school/110041613-고려대학교사범대학부속고등학교/과외/","4"
"school_content","","","school","서울","","","","대일외국어고등학교","대일외국어고등학교","","","과외","/school/110045639-대일외국어고등학교/과외/","","","https://studyway.kr/school/110045639-대일외국어고등학교/과외/","4"
"school_content","","","school","경기","","","","저동고등학교","저동고등학교","","","과외","/school/410041480-저동고등학교/과외/","","","https://studyway.kr/school/410041480-저동고등학교/과외/","4"
"school_content","","","school","경기","","","","군서고등학교","군서고등학교","","","과외","/school/410041134-군서고등학교/과외/","","","https://studyway.kr/school/410041134-군서고등학교/과외/","4"
"school_content","","","school","경기","","","","배곧고등학교","배곧고등학교","","","과외","/school/410041925-배곧고등학교/과외/","","","https://studyway.kr/school/410041925-배곧고등학교/과외/","4"
"school_content","","","school","경기","","","","서해고등학교","서해고등학교","","","과외","/school/410041328-서해고등학교/과외/","","","https://studyway.kr/school/410041328-서해고등학교/과외/","4"
"school_content","","","school","경기","","","","정왕고등학교","정왕고등학교","","","과외","/school/410041489-정왕고등학교/과외/","","","https://studyway.kr/school/410041489-정왕고등학교/과외/","4"
"school_content","","","school","경기","","","","함현고등학교","함현고등학교","","","과외","/school/410041541-함현고등학교/과외/","","","https://studyway.kr/school/410041541-함현고등학교/과외/","4"
"school_content","","","school","경기","","","","계원예술고등학교","계원예술고등학교","","","과외","/school/410044615-계원예술고등학교/과외/","","","https://studyway.kr/school/410044615-계원예술고등학교/과외/","4"
"school_content","","","school","경기","","","","늘푸른고등학교","늘푸른고등학교","","","과외","/school/410041197-늘푸른고등학교/과외/","","","https://studyway.kr/school/410041197-늘푸른고등학교/과외/","4"
"school_content","","","school","경기","","","","분당중앙고등학교","분당중앙고등학교","","","과외","/school/410041296-분당중앙고등학교/과외/","","","https://studyway.kr/school/410041296-분당중앙고등학교/과외/","4"
"school_content","","","school","경기","","","","한솔고등학교","한솔고등학교","","","과외","/school/410041543-한솔고등학교/과외/","","","https://studyway.kr/school/410041543-한솔고등학교/과외/","4"
"school_content","","","school","경기","","","","목감고등학교","목감고등학교","","","과외","/school/410041318-목감고등학교/과외/","","","https://studyway.kr/school/410041318-목감고등학교/과외/","4"
"school_content","","","school","서울","","","","서울대학교사범대학부설고등학교","서울대학교사범대학부설고등학교","","","과외","/school/110041020-서울대학교사범대학부설고등학교/과외/","","","https://studyway.kr/school/110041020-서울대학교사범대학부설고등학교/과외/","4"
"school_content","","","school","서울","","","","대진여자고등학교","대진여자고등학교","","","과외","/school/110041775-대진여자고등학교/과외/","","","https://studyway.kr/school/110041775-대진여자고등학교/과외/","4"
"school_content","","","school","서울","","","","불암고등학교","불암고등학교","","","과외","/school/110041235-불암고등학교/과외/","","","https://studyway.kr/school/110041235-불암고등학교/과외/","4"
"school_content","","","school","서울","","","","상명고등학교","상명고등학교","","","과외","/school/110041797-상명고등학교/과외/","","","https://studyway.kr/school/110041797-상명고등학교/과외/","4"
"school_content","","","school","서울","","","","영신여자고등학교","영신여자고등학교","","","과외","/school/110041823-영신여자고등학교/과외/","","","https://studyway.kr/school/110041823-영신여자고등학교/과외/","4"
"school_content","","","school","서울","","","","재현고등학교","재현고등학교","","","과외","/school/110041727-재현고등학교/과외/","","","https://studyway.kr/school/110041727-재현고등학교/과외/","4"
"school_content","","","school","서울","","","","대원고등학교","대원고등학교","","","과외","/school/110041633-대원고등학교/과외/","","","https://studyway.kr/school/110041633-대원고등학교/과외/","4"
"school_content","","","school","서울","","","","대원여자고등학교","대원여자고등학교","","","과외","/school/110041774-대원여자고등학교/과외/","","","https://studyway.kr/school/110041774-대원여자고등학교/과외/","4"
"school_content","","","school","서울","","","","대원외국어고등학교","대원외국어고등학교","","","과외","/school/110045635-대원외국어고등학교/과외/","","","https://studyway.kr/school/110045635-대원외국어고등학교/과외/","4"
"school_content","","","school","경기","","","","동광고등학교","동광고등학교","","","과외","/school/410041730-동광고등학교/과외/","","","https://studyway.kr/school/410041730-동광고등학교/과외/","4"
"school_content","","","school","경기","","","","성남고등학교","성남고등학교","","","과외","/school/410041340-성남고등학교/과외/","","","https://studyway.kr/school/410041340-성남고등학교/과외/","4"
"school_content","","","school","경기","","","","성남여자고등학교","성남여자고등학교","","","과외","/school/410041348-성남여자고등학교/과외/","","","https://studyway.kr/school/410041348-성남여자고등학교/과외/","4"
"school_content","","","school","경기","","","","성일고등학교","성일고등학교","","","과외","/school/410041725-성일고등학교/과외/","","","https://studyway.kr/school/410041725-성일고등학교/과외/","4"
"school_content","","","school","서울","","","","중화고등학교","중화고등학교","","","과외","/school/110041187-중화고등학교/과외/","","","https://studyway.kr/school/110041187-중화고등학교/과외/","4"
"school_content","","","school","경기","","","","이천고등학교","이천고등학교","","","과외","/school/410041460-이천고등학교/과외/","","","https://studyway.kr/school/410041460-이천고등학교/과외/","4"
"school_content","","","school","경기","","","","동두천외국어고등학교","동두천외국어고등학교","","","과외","/school/410045238-동두천외국어고등학교/과외/","","","https://studyway.kr/school/410045238-동두천외국어고등학교/과외/","4"
"school_content","","","school","경기","","","","동두천중앙고등학교","동두천중앙고등학교","","","과외","/school/410058239-동두천중앙고등학교/과외/","","","https://studyway.kr/school/410058239-동두천중앙고등학교/과외/","4"
"school_content","","","school","서울","","","","신도고등학교","신도고등학교","","","과외","/school/110041264-신도고등학교/과외/","","","https://studyway.kr/school/110041264-신도고등학교/과외/","4"
"school_content","","","school","서울","","","","진관고등학교","진관고등학교","","","과외","/school/110041253-진관고등학교/과외/","","","https://studyway.kr/school/110041253-진관고등학교/과외/","4"
"school_content","","","school","서울","","","","하나고등학교","하나고등학교","","","과외","/school/110041870-하나고등학교/과외/","","","https://studyway.kr/school/110041870-하나고등학교/과외/","4"
"school_content","","","school","경기","","","","진접고등학교","진접고등학교","","","과외","/school/410041967-진접고등학교/과외/","","","https://studyway.kr/school/410041967-진접고등학교/과외/","4"
"school_content","","","school","경기","","","","위례한빛고등학교","위례한빛고등학교","","","과외","/school/410041015-위례한빛고등학교/과외/","","","https://studyway.kr/school/410041015-위례한빛고등학교/과외/","4"
"school_content","","","school","서울","","","","서울외국어고등학교","서울외국어고등학교","","","과외","/school/110045683-서울외국어고등학교/과외/","","","https://studyway.kr/school/110045683-서울외국어고등학교/과외/","4"
"school_content","","","school","서울","","","","자운고등학교","자운고등학교","","","과외","/school/110041223-자운고등학교/과외/","","","https://studyway.kr/school/110041223-자운고등학교/과외/","4"
"school_content","","","school","서울","","","","창동고등학교","창동고등학교","","","과외","/school/110041188-창동고등학교/과외/","","","https://studyway.kr/school/110041188-창동고등학교/과외/","4"
"school_content","","","school","경기","","","","고림고등학교","고림고등학교","","","과외","/school/410041930-고림고등학교/과외/","","","https://studyway.kr/school/410041930-고림고등학교/과외/","4"
"school_content","","","school","경기","","","","백암고등학교","백암고등학교","","","과외","/school/410058289-백암고등학교/과외/","","","https://studyway.kr/school/410058289-백암고등학교/과외/","4"
"school_content","","","school","경기","","","","용인삼계고등학교","용인삼계고등학교","","","과외","/school/410041988-용인삼계고등학교/과외/","","","https://studyway.kr/school/410041988-용인삼계고등학교/과외/","4"
"school_content","","","school","경기","","","","용인한국외국어대학교부설고등학교","용인한국외국어대학교부설고등학교","","","과외","/school/410041911-용인한국외국어대학교부설고등학교/과외/","","","https://studyway.kr/school/410041911-용인한국외국어대학교부설고등학교/과외/","4"
"school_content","","","school","경기","","","","처인고등학교","처인고등학교","","","과외","/school/410041439-처인고등학교/과외/","","","https://studyway.kr/school/410041439-처인고등학교/과외/","4"
"school_content","","","school","경기","","","","태성고등학교","태성고등학교","","","과외","/school/410041915-태성고등학교/과외/","","","https://studyway.kr/school/410041915-태성고등학교/과외/","4"
"school_content","","","school","경기","","","","포곡고등학교","포곡고등학교","","","과외","/school/410041538-포곡고등학교/과외/","","","https://studyway.kr/school/410041538-포곡고등학교/과외/","4"
"school_content","","","school","경기","","","","경기체육고등학교","경기체육고등학교","","","과외","/school/410042120-경기체육고등학교/과외/","","","https://studyway.kr/school/410042120-경기체육고등학교/과외/","4"
"school_content","","","school","경기","","","","영생고등학교","영생고등학교","","","과외","/school/410041855-영생고등학교/과외/","","","https://studyway.kr/school/410041855-영생고등학교/과외/","4"
"school_content","","","school","경기","","","","천천고등학교","천천고등학교","","","과외","/school/410041503-천천고등학교/과외/","","","https://studyway.kr/school/410041503-천천고등학교/과외/","4"
"school_content","","","school","서울","","","","성덕고등학교","성덕고등학교","","","과외","/school/110041662-성덕고등학교/과외/","","","https://studyway.kr/school/110041662-성덕고등학교/과외/","4"
"school_content","","","school","경기","","","","광명고등학교","광명고등학교","","","과외","/school/410041148-광명고등학교/과외/","","","https://studyway.kr/school/410041148-광명고등학교/과외/","4"
"school_content","","","school","경기","","","","광명북고등학교","광명북고등학교","","","과외","/school/410041156-광명북고등학교/과외/","","","https://studyway.kr/school/410041156-광명북고등학교/과외/","4"
"school_content","","","school","경기","","","","동탄중앙고등학교","동탄중앙고등학교","","","과외","/school/410041985-동탄중앙고등학교/과외/","","","https://studyway.kr/school/410041985-동탄중앙고등학교/과외/","4"
"school_content","","","school","경기","","","","청덕고등학교","청덕고등학교","","","과외","/school/410041506-청덕고등학교/과외/","","","https://studyway.kr/school/410041506-청덕고등학교/과외/","4"
"school_content","","","school","경기","","","","초월고등학교","초월고등학교","","","과외","/school/410041006-초월고등학교/과외/","","","https://studyway.kr/school/410041006-초월고등학교/과외/","4"
"school_content","","","school","경기","","","","초지고등학교","초지고등학교","","","과외","/school/410041510-초지고등학교/과외/","","","https://studyway.kr/school/410041510-초지고등학교/과외/","4"
"school_content","","","school","경기","","","","태전고등학교","태전고등학교","","","과외","/school/410041921-태전고등학교/과외/","","","https://studyway.kr/school/410041921-태전고등학교/과외/","4"
"school_content","","","school","경기","","","","능곡고등학교","능곡고등학교","","","과외","/school/410041200-능곡고등학교/과외/","","","https://studyway.kr/school/410041200-능곡고등학교/과외/","4"
"school_content","","","school","경기","","","","구리여자고등학교","구리여자고등학교","","","과외","/school/410041180-구리여자고등학교/과외/","","","https://studyway.kr/school/410041180-구리여자고등학교/과외/","4"
"school_content","","","school","경기","","","","토평고등학교","토평고등학교","","","과외","/school/410041515-토평고등학교/과외/","","","https://studyway.kr/school/410041515-토평고등학교/과외/","4"
"school_content","","","school","경기","","","","퇴계원고등학교","퇴계원고등학교","","","과외","/school/410041516-퇴계원고등학교/과외/","","","https://studyway.kr/school/410041516-퇴계원고등학교/과외/","4"
"school_content","","","school","경기","","","","광탄고등학교","광탄고등학교","","","과외","/school/410058642-광탄고등학교/과외/","","","https://studyway.kr/school/410058642-광탄고등학교/과외/","4"
"school_content","","","school","경기","","","","교하고등학교","교하고등학교","","","과외","/school/410041130-교하고등학교/과외/","","","https://studyway.kr/school/410041130-교하고등학교/과외/","4"
"school_content","","","school","경기","","","","문산고등학교","문산고등학교","","","과외","/school/410041228-문산고등학교/과외/","","","https://studyway.kr/school/410041228-문산고등학교/과외/","4"
"school_content","","","school","경기","","","","문산수억고등학교","문산수억고등학교","","","과외","/school/410058690-문산수억고등학교/과외/","","","https://studyway.kr/school/410058690-문산수억고등학교/과외/","4"
"school_content","","","school","경기","","","","문산제일고등학교","문산제일고등학교","","","과외","/school/410058254-문산제일고등학교/과외/","","","https://studyway.kr/school/410058254-문산제일고등학교/과외/","4"
"school_content","","","school","경기","","","","봉일천고등학교","봉일천고등학교","","","과외","/school/410041251-봉일천고등학교/과외/","","","https://studyway.kr/school/410041251-봉일천고등학교/과외/","4"
"school_content","","","school","경기","","","","삼광고등학교","삼광고등학교","","","과외","/school/410041705-삼광고등학교/과외/","","","https://studyway.kr/school/410041705-삼광고등학교/과외/","4"
"school_content","","","school","경기","","","","심학고등학교","심학고등학교","","","과외","/school/410041672-심학고등학교/과외/","","","https://studyway.kr/school/410041672-심학고등학교/과외/","4"
"school_content","","","school","경기","","","","율곡고등학교","율곡고등학교","","","과외","/school/410041890-율곡고등학교/과외/","","","https://studyway.kr/school/410041890-율곡고등학교/과외/","4"
"school_content","","","school","경기","","","","파주고등학교","파주고등학교","","","과외","/school/410041954-파주고등학교/과외/","","","https://studyway.kr/school/410041954-파주고등학교/과외/","4"
"school_content","","","school","경기","","","","파주여자고등학교","파주여자고등학교","","","과외","/school/410058948-파주여자고등학교/과외/","","","https://studyway.kr/school/410058948-파주여자고등학교/과외/","4"
"school_content","","","school","경기","","","","한민고등학교","한민고등학교","","","과외","/school/410041007-한민고등학교/과외/","","","https://studyway.kr/school/410041007-한민고등학교/과외/","4"
"school_content","","","school","경기","","","","수원고등학교","수원고등학교","","","과외","/school/410041760-수원고등학교/과외/","","","https://studyway.kr/school/410041760-수원고등학교/과외/","4"
"school_content","","","school","경기","","","","수원여자고등학교","수원여자고등학교","","","과외","/school/410041364-수원여자고등학교/과외/","","","https://studyway.kr/school/410041364-수원여자고등학교/과외/","4"
"school_content","","","school","경기","","","","숙지고등학교","숙지고등학교","","","과외","/school/410041367-숙지고등학교/과외/","","","https://studyway.kr/school/410041367-숙지고등학교/과외/","4"
"school_content","","","school","경기","","","","영복여자고등학교","영복여자고등학교","","","과외","/school/410041850-영복여자고등학교/과외/","","","https://studyway.kr/school/410041850-영복여자고등학교/과외/","4"
"school_content","","","school","경기","","","","율천고등학교","율천고등학교","","","과외","/school/410041117-율천고등학교/과외/","","","https://studyway.kr/school/410041117-율천고등학교/과외/","4"
"school_content","","","school","경기","","","","평내고등학교","평내고등학교","","","과외","/school/410041517-평내고등학교/과외/","","","https://studyway.kr/school/410041517-평내고등학교/과외/","4"
"school_content","","","school","경기","","","","동안고등학교","동안고등학교","","","과외","/school/410041220-동안고등학교/과외/","","","https://studyway.kr/school/410041220-동안고등학교/과외/","4"
"school_content","","","school","경기","","","","백영고등학교","백영고등학교","","","과외","/school/410041677-백영고등학교/과외/","","","https://studyway.kr/school/410041677-백영고등학교/과외/","4"
"school_content","","","school","경기","","","","라온고등학교","라온고등학교","","","과외","/school/410041750-라온고등학교/과외/","","","https://studyway.kr/school/410041750-라온고등학교/과외/","4"
"school_content","","","school","경기","","","","송탄고등학교","송탄고등학교","","","과외","/school/410041576-송탄고등학교/과외/","","","https://studyway.kr/school/410041576-송탄고등학교/과외/","4"
"school_content","","","school","경기","","","","안중고등학교","안중고등학교","","","과외","/school/410058822-안중고등학교/과외/","","","https://studyway.kr/school/410058822-안중고등학교/과외/","4"
"school_content","","","school","경기","","","","은혜고등학교","은혜고등학교","","","과외","/school/410041882-은혜고등학교/과외/","","","https://studyway.kr/school/410041882-은혜고등학교/과외/","4"
"school_content","","","school","경기","","","","이충고등학교","이충고등학교","","","과외","/school/410041478-이충고등학교/과외/","","","https://studyway.kr/school/410041478-이충고등학교/과외/","4"
"school_content","","","school","경기","","","","진위고등학교","진위고등학교","","","과외","/school/410058909-진위고등학교/과외/","","","https://studyway.kr/school/410058909-진위고등학교/과외/","4"
"school_content","","","school","경기","","","","청북고등학교","청북고등학교","","","과외","/school/410041983-청북고등학교/과외/","","","https://studyway.kr/school/410041983-청북고등학교/과외/","4"
"school_content","","","school","경기","","","","태광고등학교","태광고등학교","","","과외","/school/410041525-태광고등학교/과외/","","","https://studyway.kr/school/410041525-태광고등학교/과외/","4"
"school_content","","","school","경기","","","","평택여자고등학교","평택여자고등학교","","","과외","/school/410058569-평택여자고등학교/과외/","","","https://studyway.kr/school/410058569-평택여자고등학교/과외/","4"
"school_content","","","school","경기","","","","현화고등학교","현화고등학교","","","과외","/school/410041591-현화고등학교/과외/","","","https://studyway.kr/school/410041591-현화고등학교/과외/","4"
"school_content","","","school","경기","","","","효명고등학교","효명고등학교","","","과외","/school/410041979-효명고등학교/과외/","","","https://studyway.kr/school/410041979-효명고등학교/과외/","4"
"school_content","","","school","경기","","","","관인고등학교","관인고등학교","","","과외","/school/410041140-관인고등학교/과외/","","","https://studyway.kr/school/410041140-관인고등학교/과외/","4"
"school_content","","","school","경기","","","","일동고등학교","일동고등학교","","","과외","/school/410058471-일동고등학교/과외/","","","https://studyway.kr/school/410058471-일동고등학교/과외/","4"
"school_content","","","school","경기","","","","포천고등학교","포천고등학교","","","과외","/school/410041540-포천고등학교/과외/","","","https://studyway.kr/school/410041540-포천고등학교/과외/","4"
"school_content","","","school","경기","","","","포천일고등학교","포천일고등학교","","","과외","/school/410058577-포천일고등학교/과외/","","","https://studyway.kr/school/410058577-포천일고등학교/과외/","4"
"school_content","","","school","경기","","","","수지고등학교","수지고등학교","","","과외","/school/410041366-수지고등학교/과외/","","","https://studyway.kr/school/410041366-수지고등학교/과외/","4"
"school_content","","","school","경기","","","","풍덕고등학교","풍덕고등학교","","","과외","/school/410041588-풍덕고등학교/과외/","","","https://studyway.kr/school/410041588-풍덕고등학교/과외/","4"
"school_content","","","school","경기","","","","풍무고등학교","풍무고등학교","","","과외","/school/410041590-풍무고등학교/과외/","","","https://studyway.kr/school/410041590-풍무고등학교/과외/","4"
"school_content","","","school","서울","","","","대진고등학교","대진고등학교","","","과외","/school/110041641-대진고등학교/과외/","","","https://studyway.kr/school/110041641-대진고등학교/과외/","4"
"school_content","","","school","서울","","","","혜성여자고등학교","혜성여자고등학교","","","과외","/school/110041857-혜성여자고등학교/과외/","","","https://studyway.kr/school/110041857-혜성여자고등학교/과외/","4"
"school_content","","","school","경기","","","","미사강변고등학교","미사강변고등학교","","","과외","/school/410041919-미사강변고등학교/과외/","","","https://studyway.kr/school/410041919-미사강변고등학교/과외/","4"
"school_content","","","school","경기","","","","위례고등학교","위례고등학교","","","과외","/school/410041014-위례고등학교/과외/","","","https://studyway.kr/school/410041014-위례고등학교/과외/","4"
"school_content","","","school","경기","","","","진성고등학교","진성고등학교","","","과외","/school/410041907-진성고등학교/과외/","","","https://studyway.kr/school/410041907-진성고등학교/과외/","4"
"school_content","","","school","경기","","","","무원고등학교","무원고등학교","","","과외","/school/410041224-무원고등학교/과외/","","","https://studyway.kr/school/410041224-무원고등학교/과외/","4"
"school_content","","","school","경기","","","","백양고등학교","백양고등학교","","","과외","/school/410041246-백양고등학교/과외/","","","https://studyway.kr/school/410041246-백양고등학교/과외/","4"
"school_content","","","school","경기","","","","서정고등학교","서정고등학교","","","과외","/school/410041933-서정고등학교/과외/","","","https://studyway.kr/school/410041933-서정고등학교/과외/","4"
"school_content","","","school","경기","","","","행신고등학교","행신고등학교","","","과외","/school/410041542-행신고등학교/과외/","","","https://studyway.kr/school/410041542-행신고등학교/과외/","4"
"school_content","","","school","경기","","","","평촌고등학교","평촌고등학교","","","과외","/school/410041524-평촌고등학교/과외/","","","https://studyway.kr/school/410041524-평촌고등학교/과외/","4"
"school_content","","","school","경기","","","","호매실고등학교","호매실고등학교","","","과외","/school/410041811-호매실고등학교/과외/","","","https://studyway.kr/school/410041811-호매실고등학교/과외/","4"
"school_content","","","school","경기","","","","호원고등학교","호원고등학교","","","과외","/school/410041595-호원고등학교/과외/","","","https://studyway.kr/school/410041595-호원고등학교/과외/","4"
"school_content","","","school","경기","","","","판곡고등학교","판곡고등학교","","","과외","/school/410041654-판곡고등학교/과외/","","","https://studyway.kr/school/410041654-판곡고등학교/과외/","4"
"school_content","","","school","경기","","","","호평고등학교","호평고등학교","","","과외","/school/410041593-호평고등학교/과외/","","","https://studyway.kr/school/410041593-호평고등학교/과외/","4"
"school_content","","","school","서울","","","","명지고등학교","명지고등학교","","","과외","/school/110041657-명지고등학교/과외/","","","https://studyway.kr/school/110041657-명지고등학교/과외/","4"
"school_content","","","school","서울","","","","한광고등학교","한광고등학교","","","과외","/school/110041743-한광고등학교/과외/","","","https://studyway.kr/school/110041743-한광고등학교/과외/","4"
"school_content","","","school","경기","","","","마석고등학교","마석고등학교","","","과외","/school/410041113-마석고등학교/과외/","","","https://studyway.kr/school/410041113-마석고등학교/과외/","4"
"school_content","","","school","경기","","","","심석고등학교","심석고등학교","","","과외","/school/410041778-심석고등학교/과외/","","","https://studyway.kr/school/410041778-심석고등학교/과외/","4"
"school_content","","","school","경기","","","","나루고등학교","나루고등학교","","","과외","/school/410041193-나루고등학교/과외/","","","https://studyway.kr/school/410041193-나루고등학교/과외/","4"
"school_content","","","school","경기","","","","남양고등학교","남양고등학교","","","과외","/school/410058219-남양고등학교/과외/","","","https://studyway.kr/school/410058219-남양고등학교/과외/","4"
"school_content","","","school","경기","","","","동탄고등학교","동탄고등학교","","","과외","/school/410041221-동탄고등학교/과외/","","","https://studyway.kr/school/410041221-동탄고등학교/과외/","4"
"school_content","","","school","경기","","","","동탄국제고등학교","동탄국제고등학교","","","과외","/school/410046110-동탄국제고등학교/과외/","","","https://studyway.kr/school/410046110-동탄국제고등학교/과외/","4"
"school_content","","","school","경기","","","","반송고등학교","반송고등학교","","","과외","/school/410041229-반송고등학교/과외/","","","https://studyway.kr/school/410041229-반송고등학교/과외/","4"
"school_content","","","school","경기","","","","비봉고등학교","비봉고등학교","","","과외","/school/410058702-비봉고등학교/과외/","","","https://studyway.kr/school/410058702-비봉고등학교/과외/","4"
"school_content","","","school","경기","","","","삼괴고등학교","삼괴고등학교","","","과외","/school/410041708-삼괴고등학교/과외/","","","https://studyway.kr/school/410041708-삼괴고등학교/과외/","4"
"school_content","","","school","경기","","","","새솔고등학교","새솔고등학교","","","과외","/school/410041315-새솔고등학교/과외/","","","https://studyway.kr/school/410041315-새솔고등학교/과외/","4"
"school_content","","","school","경기","","","","서연고등학교","서연고등학교","","","과외","/school/410041316-서연고등학교/과외/","","","https://studyway.kr/school/410041316-서연고등학교/과외/","4"
"school_content","","","school","경기","","","","송산고등학교","송산고등학교","","","과외","/school/410041762-송산고등학교/과외/","","","https://studyway.kr/school/410041762-송산고등학교/과외/","4"
"school_content","","","school","경기","","","","신동고등학교","신동고등학교","","","과외","/school/410041189-신동고등학교/과외/","","","https://studyway.kr/school/410041189-신동고등학교/과외/","4"
"school_content","","","school","경기","","","","이산고등학교","이산고등학교","","","과외","/school/410041131-이산고등학교/과외/","","","https://studyway.kr/school/410041131-이산고등학교/과외/","4"
"school_content","","","school","경기","","","","이솔고등학교","이솔고등학교","","","과외","/school/410041568-이솔고등학교/과외/","","","https://studyway.kr/school/410041568-이솔고등학교/과외/","4"
"school_content","","","school","경기","","","","정현고등학교","정현고등학교","","","과외","/school/410041421-정현고등학교/과외/","","","https://studyway.kr/school/410041421-정현고등학교/과외/","4"
"school_content","","","school","경기","","","","창의고등학교","창의고등학교","","","과외","/school/410041521-창의고등학교/과외/","","","https://studyway.kr/school/410041521-창의고등학교/과외/","4"
"school_content","","","school","경기","","","","치동고등학교","치동고등학교","","","과외","/school/410041030-치동고등학교/과외/","","","https://studyway.kr/school/410041030-치동고등학교/과외/","4"
"school_content","","","school","경기","","","","하길고등학교","하길고등학교","","","과외","/school/410041016-하길고등학교/과외/","","","https://studyway.kr/school/410041016-하길고등학교/과외/","4"
"school_content","","","school","경기","","","","한백고등학교","한백고등학교","","","과외","/school/410041704-한백고등학교/과외/","","","https://studyway.kr/school/410041704-한백고등학교/과외/","4"
"school_content","","","school","경기","","","","향남고등학교","향남고등학교","","","과외","/school/410041586-향남고등학교/과외/","","","https://studyway.kr/school/410041586-향남고등학교/과외/","4"
"school_content","","","school","경기","","","","향일고등학교","향일고등학교","","","과외","/school/410041897-향일고등학교/과외/","","","https://studyway.kr/school/410041897-향일고등학교/과외/","4"
"school_content","","","school","경기","","","","화성고등학교","화성고등학교","","","과외","/school/410041964-화성고등학교/과외/","","","https://studyway.kr/school/410041964-화성고등학교/과외/","4"
"school_content","","","school","경기","","","","능동고등학교","능동고등학교","","","과외","/school/410041977-능동고등학교/과외/","","","https://studyway.kr/school/410041977-능동고등학교/과외/","4"
"school_content","","","school","서울","","","","건국대학교사범대학부속고등학교","건국대학교사범대학부속고등학교","","","과외","/school/110041603-건국대학교사범대학부속고등학교/과외/","","","https://studyway.kr/school/110041603-건국대학교사범대학부속고등학교/과외/","4"
"school_content","","","school","경기","","","","화수고등학교","화수고등학교","","","과외","/school/410041544-화수고등학교/과외/","","","https://studyway.kr/school/410041544-화수고등학교/과외/","4"
"school_content","","","school","경기","","","","화정고등학교","화정고등학교","","","과외","/school/410041546-화정고등학교/과외/","","","https://studyway.kr/school/410041546-화정고등학교/과외/","4"
"school_content","","","school","서울","","","","경희고등학교","경희고등학교","","","과외","/school/110041611-경희고등학교/과외/","","","https://studyway.kr/school/110041611-경희고등학교/과외/","4"
"school_content","","","school","서울","","","","경희여자고등학교","경희여자고등학교","","","과외","/school/110041767-경희여자고등학교/과외/","","","https://studyway.kr/school/110041767-경희여자고등학교/과외/","4"
"school_content","","","school","서울","","","","휘경여자고등학교","휘경여자고등학교","","","과외","/school/110041863-휘경여자고등학교/과외/","","","https://studyway.kr/school/110041863-휘경여자고등학교/과외/","4"
"school_content","","","school","서울","","","","휘봉고등학교","휘봉고등학교","","","과외","/school/110041269-휘봉고등학교/과외/","","","https://studyway.kr/school/110041269-휘봉고등학교/과외/","4"
